Name,Category,Phone,Status,Email,Address,City,Rating,Reviews,Maps URL,Email Source,Search Query,Scraped At,Place ID
.,Gym,,,,"Juma Gali, near surgicales market","Karachi, Pakistan",4.0,,https://www.google.com/maps/place/data=!4m7!3m6!1s0x3eb33f7d91d3d443:0x9517206e9f644b44!8m2!3d24.8582146!4d67.0325738!16s%2Fg%2F11r_gl58qz!19sChIJQ9TTkX0_sz4RREtkn24gF5U?authuser=0&hl=en&rclk=1,,gym,2026-08-18T19:15:54+00:00,0x3eb33f7d91d3d443:0x9517206e9f644b44
A world of wellness gym,Gym,,,,"Bakshi hotel, near agha khan laboratory","Karachi, Pakistan",4.5,2,https://www.google.com/maps/place/A+world+of+wellness+gym/data=!4m7!3m6!1s0x3eb33f0f52411cd3:0x258a212a50bf3bd!8m2!3d24.8678751!4d67.0316941!16s%2Fg%2F11s9k8j8fs!19sChIJ0xxBUg8_sz4RvfMLpRKiWAI?authuser=0&hl=en&rclk=1,,gym,2026-08-18T19:15:54+00:00,0x3eb33f0f52411cd3:0x258a212a50bf3bd
AB Fitness GYM (Aziz bhatti 2nd brach),Gym,,,,"Kakri Ground, LeeMarket, opposite to sunara bazar, near Bantva Hospital","Karachi, Pakistan",,,https://www.google.com/maps/place/AB+Fitness+GYM+%28Aziz+bhatti+2nd+brach%29/data=!4m7!3m6!1s0x3eb315005275d1c3:0xf5228d8ae592bd0e!8m2!3d24.8564911!4d66.999359!16s%2Fg%2F11z60qwrk_!19sChIJw9F1UgAVsz4RDr2S5YqNIvU?authuser=0&hl=en&rclk=1,,gym,2026-08-18T19:15:54+00:00,0x3eb315005275d1c3:0xf5228d8ae592bd0e
ALLTIME FITNESS 24/7,Gym,,,,54-M Kashmir Rd,"Karachi, Pakistan",4.1,41,https://www.google.com/maps/place/ALLTIME+FITNESS+24%2F7/data=!4m7!3m6!1s0x3eb33f00439b12cd:0xd02ac231a58c183b!8m2!3d24.8728737!4d67.0493745!16s%2Fg%2F11yfznhwk5!19sChIJzRKbQwA_sz4ROxiMpTHCKtA?authuser=0&hl=en&rclk=1,,gym,2026-08-18T19:15:54+00:00,0x3eb33f00439b12cd:0xd02ac231a58c183b
ALLTIME FITNESS GYM 24/7,Gym,,,,"1st floor, Zone C, Clifton block 7","Karachi, Pakistan",,,https://www.google.com/maps/place/ALLTIME+FITNESS+GYM+24%2F7/data=!4m7!3m6!1s0x3eb33d4c3efc486b:0x5c883b8d8e949c59!8m2!3d24.8289506!4d67.0342827!16s%2Fg%2F11zgmfmvfd!19sChIJa0j8Pkw9sz4RWZyUjo07iFw?authuser=0&hl=en&rclk=1,,gym,2026-08-18T19:15:54+00:00,0x3eb33d4c3efc486b:0x5c883b8d8e949c59
ANABOLIC FITNESS GYM &CARDIO,Fitness center,,,,Reopens 5 PM,"Karachi, Pakistan",4.3,35,https://www.google.com/maps/place/ANABOLIC+FITNESS+GYM+%26CARDIO/data=!4m7!3m6!1s0x3eb31749ee0bd449:0xe843a067b6115898!8m2!3d24.8209726!4d66.9915098!16s%2Fg%2F11g0wggbnb!19sChIJSdQL7kkXsz4RmFgRtmegQ-g?authuser=0&hl=en&rclk=1,,gym,2026-08-18T19:15:54+00:00,0x3eb31749ee0bd449:0xe843a067b6115898
AR FITNESS GYM,Gym,,,,"POLICE CHOWKI, TAJ MANZIL, near NARGIS BAKERY","Karachi, Pakistan",,,https://www.google.com/maps/place/AR+FITNESS+GYM/data=!4m7!3m6!1s0x3eb3152ffead8cb1:0x5c478a5f4b1a17c1!8m2!3d24.851417!4d66.9962748!16s%2Fg%2F11tfp80v1y!19sChIJsYyt_i8Vsz4RwRcaS1-KR1w?authuser=0&hl=en&rclk=1,,gym,2026-08-18T19:15:54+00:00,0x3eb3152ffead8cb1:0x5c478a5f4b1a17c1
Abro gym,Gym,,,,1805 Shah Waliullah Rd,"Karachi, Pakistan",4.5,,https://www.google.com/maps/place/Abro+gym/data=!4m7!3m6!1s0x3eb31572c6dbf9c3:0x166a285f8a5b7e29!8m2!3d24.8554455!4d66.993869!16s%2Fg%2F11l22_f2gb!19sChIJw_nbxnIVsz4RKX5bil8oahY?authuser=0&hl=en&rclk=1,,gym,2026-08-18T19:15:54+00:00,0x3eb31572c6dbf9c3:0x166a285f8a5b7e29
Aesthetic Strength Gym,Gym,,,,"Block-3, Mezzanine Floor, Sahil promenade appartment, Plot No.COM. 2/2, 2/3","Karachi, Pakistan",4.4,68,https://www.google.com/maps/place/Aesthetic+Strength+Gym/data=!4m7!3m6!1s0x3eb33d8fe3c6651f:0xe2d7aef677350742!8m2!3d24.809599!4d67.0186018!16s%2Fg%2F11hbs_lt7n!19sChIJH2XG4489sz4RQgc1d_au1-I?authuser=0&hl=en&rclk=1,,gym,2026-08-18T19:15:54+00:00,0x3eb33d8fe3c6651f:0xe2d7aef677350742
Ali Muhammad Qumbrani boxing Club (Gym),Gym,,,,"VX4X+C6R, Pitchar Rd","Karachi, Pakistan",3.5,2,https://www.google.com/maps/place/Ali+Muhammad+Qumbrani+boxing+Club+%28Gym%29/data=!4m7!3m6!1s0x3eb3152c8eba21ed:0x77e7170e4a3da3be!8m2!3d24.8561154!4d66.9980021!16s%2Fg%2F11q9txlrlj!19sChIJ7SG6jiwVsz4RvqM9Sg4X53c?authuser=0&hl=en&rclk=1,,gym,2026-08-18T19:15:54+00:00,0x3eb3152c8eba21ed:0x77e7170e4a3da3be
Alpha core gym & fitness club,Gym,,,,"Jahangir kothari mansion, Abdullah Haroon Rd","Karachi, Pakistan",4.8,,https://www.google.com/maps/place/Alpha+core+gym+%26+fitness+club/data=!4m7!3m6!1s0x3eb33f0001c33c8b:0xc05e471ada11e202!8m2!3d24.8559997!4d67.0283941!16s%2Fg%2F11mk9rcxlv!19sChIJizzDAQA_sz4RAuIR2hpHXsA?authuser=0&hl=en&rclk=1,,gym,2026-08-18T19:15:54+00:00,0x3eb33f0001c33c8b:0xc05e471ada11e202
Asif fitness gym,Electronics store,,,,"VXFM+4PG, Atmaram Pritamdas Rd","Karachi, Pakistan",5.0,6,https://www.google.com/maps/place/Asif+fitness+gym/data=!4m7!3m6!1s0x3eb315c9d47a725f:0x7efa24744c69ecea!8m2!3d24.8728223!4d66.9843353!16s%2Fg%2F11h801kf90!19sChIJX3J61MkVsz4R6uxpTHQk-n4?authuser=0&hl=en&rclk=1,,gym,2026-08-18T19:15:54+00:00,0x3eb315c9d47a725f:0x7efa24744c69ecea
Atmosphere Fitness - Al Nadi Al Burhani,Gym,,,,"Old Queens Rd, off I.I Chundrigar Road","Karachi, Pakistan",4.6,,https://www.google.com/maps/place/Atmosphere+Fitness+-+Al+Nadi+Al+Burhani/data=!4m7!3m6!1s0x3eb33d4c7d32da55:0x1d635deadd4656d6!8m2!3d24.845341!4d67.0030788!16s%2Fg%2F11gmf9z3rl!19sChIJVdoyfUw9sz4R1lZG3epdYx0?authuser=0&hl=en&rclk=1,,gym,2026-08-18T19:15:54+00:00,0x3eb33d4c7d32da55:0x1d635deadd4656d6
Aziz Bhatti Gym,Gym,,,,"VX3V+FGW, Shah Waliullah Rd","Karachi, Pakistan",4.5,,https://www.google.com/maps/place/Aziz+Bhatti+Gym/data=!4m7!3m6!1s0x3eb31533d3f64b1b:0x96549f302ebbc537!8m2!3d24.8537332!4d66.9938135!16s%2Fg%2F11h6y2cptw!19sChIJG0v20zMVsz4RN8W7LjCfVJY?authuser=0&hl=en&rclk=1,,gym,2026-08-18T19:15:54+00:00,0x3eb31533d3f64b1b:0x96549f302ebbc537
B Smart Gym,Gym,,,,"V3F2+8QX, Nazrul Islam Rd","Karachi, Pakistan",4.8,24,https://www.google.com/maps/place/B+Smart+Gym/data=!4m7!3m6!1s0x3eb33fa9a8ff25db:0xf6792a764fdaae00!8m2!3d24.8733503!4d67.0519846!16s%2Fg%2F11h_3zcxj2!19sChIJ2yX_qKk_sz4RAK7aT3YqefY?authuser=0&hl=en&rclk=1,,gym,2026-08-18T19:15:54+00:00,0x3eb33fa9a8ff25db:0xf6792a764fdaae00
BENEFIT THE BOUTIQUE GYM By GENESIS,Gym,,,,"Building No.6-C,10th Zamzama Commercial Lane, Phase 5, Karachi, Pakistan Basement Hall, Basement","Karachi, Pakistan",4.5,4,https://www.google.com/maps/place/BENEFIT+THE+BOUTIQUE+GYM+By+GENESIS/data=!4m7!3m6!1s0x3eb33d18fe1daa2f:0x2565e933f3504d49!8m2!3d24.8191303!4d67.0393678!16s%2Fg%2F11s7xp8y29!19sChIJL6od_hg9sz4RSU1Q8zPpZSU?authuser=0&hl=en&rclk=1,,gym,2026-08-18T19:15:54+00:00,0x3eb33d18fe1daa2f:0x2565e933f3504d49
BODY FITNESS GYM,Gym,,,,Reopens 4 PM,"Karachi, Pakistan",5.0,,https://www.google.com/maps/place/BODY+FITNESS+GYM/data=!4m7!3m6!1s0x3eb33f0070c56bf1:0xba78a1ba562148a5!8m2!3d24.8564997!4d67.0153976!16s%2Fg%2F11yg3w45nc!19sChIJ8WvFcAA_sz4RpUghVrqheLo?authuser=0&hl=en&rclk=1,,gym,2026-08-18T19:15:54+00:00,0x3eb33f0070c56bf1:0xba78a1ba562148a5
Better Bodies Gym,Gym,,,,"1-C 2nd Zamzama Commercial Lane, Zamzama Commercial, DHA, Phase 5","Karachi, Pakistan",5.0,7,https://www.google.com/maps/place/Better+Bodies+Gym/data=!4m7!3m6!1s0x3eb33dcf7368182f:0xcfb17435e0b708a2!8m2!3d24.8173773!4d67.042592!16s%2Fg%2F11st8gr342!19sChIJLxhoc889sz4Rogi34DV0sc8?authuser=0&hl=en&rclk=1,,gym,2026-08-18T19:15:54+00:00,0x3eb33dcf7368182f:0xcfb17435e0b708a2
Body Solid Gym,Gym,,,,"Dua Terrace, 5c Sunset Ln","Karachi, Pakistan",4.6,17,https://www.google.com/maps/place/Body+Solid+Gym/data=!4m7!3m6!1s0x3eb33d38b52c8b01:0xbe174485db54c04a!8m2!3d24.832913!4d67.0658308!16s%2Fg%2F11fflxvntq!19sChIJAYsstTg9sz4RSsBU24VEF74?authuser=0&hl=en&rclk=1,,gym,2026-08-18T19:15:54+00:00,0x3eb33d38b52c8b01:0xbe174485db54c04a
Boxing gym,Boxing gym,,,,"VX6X+83X, DD Chowdary Rd","Karachi, Pakistan",,,https://www.google.com/maps/place/Boxing+gym/data=!4m7!3m6!1s0x3eb31500272b6d89:0x11e7f672e2458684!8m2!3d24.860984!4d66.997905!16s%2Fg%2F11ysz20j4z!19sChIJiW0rJwAVsz4RhIZF4nL25xE?authuser=0&hl=en&rclk=1,,gym,2026-08-18T19:15:54+00:00,0x3eb31500272b6d89:0x11e7f672e2458684
Chain Of Body Master Gym,Gym,03142839004,,,"B-163, behind bin ahmed store","Karachi, Pakistan",4.4,101,https://www.google.com/maps/place/Chain+Of+Body+Master+Gym/data=!4m7!3m6!1s0x3eb33f54294b478d:0xc8ce9961c365d822!8m2!3d24.8619386!4d67.0810271!16s%2Fg%2F11fklk5qs7!19sChIJjUdLKVQ_sz4RIthlw2GZzsg?authuser=0&hl=en&rclk=1,,gym,2026-08-18T19:15:54+00:00,0x3eb33f54294b478d:0xc8ce9961c365d822
Chain Of Sameer Gym,Fitness center,,,,V238+Q92,"Karachi, Pakistan",3.8,36,https://www.google.com/maps/place/Chain+Of+Sameer+Gym/data=!4m7!3m6!1s0x3eb33f62301103a7:0x927b4f096998d85!8m2!3d24.8543932!4d67.0158891!16s%2Fg%2F11gty5892j!19sChIJpwMRMGI_sz4RhY2ZlvC0Jwk?authuser=0&hl=en&rclk=1,,gym,2026-08-18T19:15:54+00:00,0x3eb33f62301103a7:0x927b4f096998d85
"Corps Mess Gym, Karachi",Gym,,,,V25V+95F,"Karachi, Pakistan",4.6,30,"https://www.google.com/maps/place/Corps+Mess+Gym,+Karachi/data=!4m7!3m6!1s0x3eb33fecbf9dd367:0x4cde7ff76cab018a!8m2!3d24.8584375!4d67.0429375!16s%2Fg%2F11fpskk_n4!19sChIJZ9Odv-w_sz4RigGrbPd_3kw?authuser=0&hl=en&rclk=1",,gym,2026-08-18T19:15:54+00:00,0x3eb33fecbf9dd367:0x4cde7ff76cab018a
Cuts and Muscles Gym,Gym,02135821395,,,"R2HV+C7P, Khayaban-e-Jami","Karachi, Pakistan",4.4,261,https://www.google.com/maps/place/Cuts+and+Muscles+Gym/data=!4m7!3m6!1s0x3eb33db59b55de47:0x3db1394d6c58b9e0!8m2!3d24.8285907!4d67.043203!16s%2Fg%2F1ty72rld!19sChIJR95Vm7U9sz4R4LlYbE05sT0?authuser=0&hl=en&rclk=1,,gym,2026-08-18T19:15:54+00:00,0x3eb33db59b55de47:0x3db1394d6c58b9e0
Danish Gudo Gym,Gym,,,,"R2JV+PX4, Bukhari Rd","Karachi, Pakistan",4.5,2,https://www.google.com/maps/place/Danish+Gudo+Gym/data=!4m7!3m6!1s0x3eb33db42b031c5f:0xff9fe3c42e653971!8m2!3d24.8317605!4d67.0449654!16s%2Fg%2F11qbfg72rq!19sChIJXxwDK7Q9sz4RcTllLsTjn_8?authuser=0&hl=en&rclk=1,,gym,2026-08-18T19:15:54+00:00,0x3eb33db42b031c5f:0xff9fe3c42e653971
Defence Club Gym & Swimming Pool,Swimming pool contractor,03100243093,,,R3P4+3J3,"Karachi, Pakistan",4.3,128,https://www.google.com/maps/place/Defence+Club+Gym+%26+Swimming+Pool/data=!4m7!3m6!1s0x3eb33c371202c66b:0x80f57b1130e11408!8m2!3d24.8351275!4d67.0565343!16s%2Fg%2F11bxflnyzg!19sChIJa8YCEjc8sz4RCBThMBF79YA?authuser=0&hl=en&rclk=1,,gym,2026-08-18T19:15:54+00:00,0x3eb33c371202c66b:0x80f57b1130e11408
Diamond Fitness Gym,Gym,,,,"Ghosia Masjid, Road","Karachi, Pakistan",,,https://www.google.com/maps/place/Diamond+Fitness+Gym/data=!4m7!3m6!1s0x3eb33f6715b9be39:0x10c2255ec838c511!8m2!3d24.8707556!4d66.9845701!16s%2Fg%2F11sd1wwn39!19sChIJOb65FWc_sz4REcU4yF4lwhA?authuser=0&hl=en&rclk=1,,gym,2026-08-18T19:15:54+00:00,0x3eb33f6715b9be39:0x10c2255ec838c511
Dream Fitness Gym,Gym,,,,Near Medicine Market,"Karachi, Pakistan",3.8,13,https://www.google.com/maps/place/Dream+Fitness+Gym/data=!4m7!3m6!1s0x3eb33fd3f75237ab:0xeeeebeea101959a7!8m2!3d24.8714799!4d67.0190615!16s%2Fg%2F11l5rm40v7!19sChIJqzdS99M_sz4Rp1kZEOq-7u4?authuser=0&hl=en&rclk=1,,gym,2026-08-18T19:15:54+00:00,0x3eb33fd3f75237ab:0xeeeebeea101959a7
FITNESS TERMINAL GYM,Gym,,,,"R2JR+5H4, Charming Road Clifton city hospital","Karachi, Pakistan",4.7,63,https://www.google.com/maps/place/FITNESS+TERMINAL+GYM/data=!4m7!3m6!1s0x3eb33d81be2f70f7:0x279538a2e13976b2!8m2!3d24.8303811!4d67.0414395!16s%2Fg%2F11h3ngsnxc!19sChIJ93AvvoE9sz4RsnY54aI4lSc?authuser=0&hl=en&rclk=1,,gym,2026-08-18T19:15:54+00:00,0x3eb33d81be2f70f7:0x279538a2e13976b2
Fat 2 Fit Gym,Gym,,,,"255, Ground Floor, 1, Plot, 19 Ruby St","Karachi, Pakistan",5.0,4,https://www.google.com/maps/place/Fat+2+Fit+Gym/data=!4m7!3m6!1s0x3eb33f056510e1b5:0x9a07b5221e1681c3!8m2!3d24.8834981!4d67.027363!16s%2Fg%2F11frp18710!19sChIJteEQZQU_sz4Rw4EWHiK1B5o?authuser=0&hl=en&rclk=1,,gym,2026-08-18T19:15:54+00:00,0x3eb33f056510e1b5:0x9a07b5221e1681c3
Fat to Fit Ladies Gym,Gym,,,,RXFJ+F27، عثمان غنی روڈ,"Karachi, Pakistan",4.0,4,https://www.google.com/maps/place/Fat+to+Fit+Ladies+Gym/data=!4m7!3m6!1s0x3eb317021f172715:0x4e63fe771bcd053b!8m2!3d24.8236723!4d66.9800461!16s%2Fg%2F11lg2ctksq!19sChIJFScXHwIXsz4ROwXNG3f-Y04?authuser=0&hl=en&rclk=1,,gym,2026-08-18T19:15:54+00:00,0x3eb317021f172715:0x4e63fe771bcd053b
Fayyaz Fitness Gym,Gym,,,,Reopens 7 AM,"Karachi, Pakistan",4.4,45,https://www.google.com/maps/place/Fayyaz+Fitness+Gym/data=!4m7!3m6!1s0x3eb33fbe7e0c393f:0x98a429c8119c77e5!8m2!3d24.8786097!4d67.0052209!16s%2Fg%2F11j1h_wz7l!19sChIJPzkMfr4_sz4R5XecEcgppJg?authuser=0&hl=en&rclk=1,,gym,2026-08-18T19:15:54+00:00,0x3eb33fbe7e0c393f:0x98a429c8119c77e5
Fit Buddy,Gym,,,,"2nd FLOOR, MC-84, SECTOR 1-A, SCHEME, 35, Muhammad Ali Jinnah Rd","Karachi, Pakistan",4.4,31,https://www.google.com/maps/place/Fit+Buddy/data=!4m7!3m6!1s0x3eb33f741c9e485d:0x9c6f07004dfc05c9!8m2!3d24.870116!4d67.0335159!16s%2Fg%2F11t4cdvwtm!19sChIJXUieHHQ_sz4RyQX8TQAHb5w?authuser=0&hl=en&rclk=1,,gym,2026-08-18T19:15:54+00:00,0x3eb33f741c9e485d:0x9c6f07004dfc05c9
Fit Buddy Gym Equipments Showroom,Showroom,,,,"Shop U-G 21 Jinnah Complex Apartment Service Rd, Muhammad Ali Jinnah Rd","Karachi, Pakistan",4.5,2,https://www.google.com/maps/place/Fit+Buddy+Gym+Equipments+Showroom/data=!4m7!3m6!1s0x3eb33fdf52882aa5:0x33bc94a155582e25!8m2!3d24.8687931!4d67.031338!16s%2Fg%2F11wvmnd7bc!19sChIJpSqIUt8_sz4RJS5YVaGUvDM?authuser=0&hl=en&rclk=1,,gym,2026-08-18T19:15:54+00:00,0x3eb33fdf52882aa5:0x33bc94a155582e25
Fit Generation Gym,Gym,,,,"2 Chakiwara Rd, below Al Karim arcade","Karachi, Pakistan",4.9,9,https://www.google.com/maps/place/Fit+Generation+Gym/data=!4m7!3m6!1s0x3eb31500764cd565:0x423edf95793942b8!8m2!3d24.8695965!4d66.998746!16s%2Fg%2F11xnd9k826!19sChIJZdVMdgAVsz4RuEI5eZXfPkI?authuser=0&hl=en&rclk=1,,gym,2026-08-18T19:15:54+00:00,0x3eb31500764cd565:0x423edf95793942b8
Fit Your Life Gym,Gym,,,,"V297+8RW, Raghoo St","Karachi, Pakistan",4.3,20,https://www.google.com/maps/place/Fit+Your+Life+Gym/data=!4m7!3m6!1s0x3eb33fc40f7f8379:0x1d2e1194ec0c0389!8m2!3d24.8683605!4d67.0145693!16s%2Fg%2F11p012wztn!19sChIJeYN_D8Q_sz4RiQMM7JQRLh0?authuser=0&hl=en&rclk=1,,gym,2026-08-18T19:15:54+00:00,0x3eb33fc40f7f8379:0x1d2e1194ec0c0389
Fitbox Gym,Fitness center,,,,"Mezannine Floor, Surya Residency, Sir Syed Road, opposite Imtiaz Store","Karachi, Pakistan",4.7,60,https://www.google.com/maps/place/Fitbox+Gym/data=!4m7!3m6!1s0x3eb33f10842766c1:0x5c894059fd994953!8m2!3d24.876582!4d67.0596528!16s%2Fg%2F11txdlyvbw!19sChIJwWYnhBA_sz4RU0mZ_VlAiVw?authuser=0&hl=en&rclk=1,,gym,2026-08-18T19:15:54+00:00,0x3eb33f10842766c1:0x5c894059fd994953
Fitness First Gym,Gym,,,,,"Karachi, Pakistan",4.4,29,https://www.google.com/maps/place/Fitness+First+Gym/data=!4m7!3m6!1s0x3eb33db54d195097:0x145a39877fb82590!8m2!3d24.8291902!4d67.0463768!16s%2Fg%2F11gf98c77j!19sChIJl1AZTbU9sz4RkCW4f4c5WhQ?authuser=0&hl=en&rclk=1,,gym,2026-08-18T19:15:54+00:00,0x3eb33db54d195097:0x145a39877fb82590
Fitness Zone Gym Lyari,Gym,,,,"2nd Floor, Street # F-7 Taj Masjid Rd, opposite Yousuf Bakery","Karachi, Pakistan",4.5,31,https://www.google.com/maps/place/Fitness+Zone+Gym+Lyari/data=!4m7!3m6!1s0x3eb31560180ca0bd:0xa378628fe825ae14!8m2!3d24.8711217!4d66.9837171!16s%2Fg%2F11ng5v0152!19sChIJvaAMGGAVsz4RFK4l6I9ieKM?authuser=0&hl=en&rclk=1,,gym,2026-08-18T19:15:54+00:00,0x3eb31560180ca0bd:0xa378628fe825ae14
Fusion X Gym,Gym,,,,"I.I Chundrigar Rd, near Techno City","Karachi, Pakistan",4.5,,https://www.google.com/maps/place/Fusion+X+Gym/data=!4m7!3m6!1s0x3eb33fba9b7482e3:0x6f2a9e75dfc88797!8m2!3d24.8510627!4d67.0069255!16s%2Fg%2F11s1sc9w3y!19sChIJ44J0m7o_sz4Rl4fI33WeKm8?authuser=0&hl=en&rclk=1,,gym,2026-08-18T19:15:54+00:00,0x3eb33fba9b7482e3:0x6f2a9e75dfc88797
GN FITNESS GYM,Gym,,,,R2F2+46P,"Karachi, Pakistan",5.0,1,https://www.google.com/maps/place/GN+FITNESS+GYM/data=!4m7!3m6!1s0x3eb33d0061b026d9:0x63f47344f875c161!8m2!3d24.8228463!4d67.0005645!16s%2Fg%2F11zkrm72vb!19sChIJ2SawYQA9sz4RYcF1-ERz9GM?authuser=0&hl=en&rclk=1,,gym,2026-08-18T19:15:54+00:00,0x3eb33d0061b026d9:0x63f47344f875c161
Genetix Gym,Gym,,,,"Cafe liberty signal, Tariq Rd","Karachi, Pakistan",4.1,35,https://www.google.com/maps/place/Genetix+Gym/data=!4m7!3m6!1s0x3eb33fcf33491b27:0x347567c057c2e748!8m2!3d24.8715052!4d67.0595089!16s%2Fg%2F11lh52lz4n!19sChIJJxtJM88_sz4RSOfCV8BndTQ?authuser=0&hl=en&rclk=1,,gym,2026-08-18T19:15:54+00:00,0x3eb33fcf33491b27:0x347567c057c2e748
Golden Fitness Gym,Gym,,,,"VX4W+493, Pitchar Rd","Karachi, Pakistan",5.0,,https://www.google.com/maps/place/Golden+Fitness+Gym/data=!4m7!3m6!1s0x3eb31564d87ae183:0xbadf4eb647428111!8m2!3d24.8552704!4d66.9959246!16s%2Fg%2F11pwqdnnz1!19sChIJg-F62GQVsz4REYFCR7ZO37o?authuser=0&hl=en&rclk=1,,gym,2026-08-18T19:15:54+00:00,0x3eb31564d87ae183:0xbadf4eb647428111
Gym,Gym,,,,620 Surat St,"Karachi, Pakistan",4.5,2,https://www.google.com/maps/place/Gym/data=!4m7!3m6!1s0x3eb33f65f83747f5:0x6f3aa4d150eac83b!8m2!3d24.8817607!4d67.0474499!16s%2Fg%2F11kplfrndk!19sChIJ9Uc3-GU_sz4RO8jqUNGkOm8?authuser=0&hl=en&rclk=1,,gym,2026-08-18T19:15:54+00:00,0x3eb33f65f83747f5:0x6f3aa4d150eac83b
Gym Guy,Gym,,,,Onsite services,"Karachi, Pakistan",,,https://www.google.com/maps/place/Gym+Guy/data=!4m7!3m6!1s0x3eb33f2b3841fe5b:0x4e996cd674cc49c!8m2!3d24.8607343!4d67.0011364!16s%2Fg%2F11mzplzbch!19sChIJW_5BOCs_sz4RnMRMZ82W6QQ?authuser=0&hl=en&rclk=1,,gym,2026-08-18T19:15:54+00:00,0x3eb33f2b3841fe5b:0x4e996cd674cc49c
Gym Karachi Bar association,Gym,,,,V244+9HP,"Karachi, Pakistan",,,https://www.google.com/maps/place/Gym+Karachi+Bar+association/data=!4m7!3m6!1s0x3eb33f0c679c394f:0x42ffebe931d2be3e!8m2!3d24.8559588!4d67.0064628!16s%2Fg%2F11scw29v_v!19sChIJTzmcZww_sz4RPr7SMenr_0I?authuser=0&hl=en&rclk=1,,gym,2026-08-18T19:15:54+00:00,0x3eb33f0c679c394f:0x42ffebe931d2be3e
Gym and Karate Club,Gym,,,,"VX4X+86C, Pitchar Rd","Karachi, Pakistan",4.0,31,https://www.google.com/maps/place/Gym+and+Karate+Club/data=!4m7!3m6!1s0x3eb315f7f7f7341f:0x826a7bc81e494005!8m2!3d24.8558066!4d66.9980099!16s%2Fg%2F1tdb2rhj!19sChIJHzT39_cVsz4RBUBJHsh7aoI?authuser=0&hl=en&rclk=1,,gym,2026-08-18T19:15:54+00:00,0x3eb315f7f7f7341f:0x826a7bc81e494005
Haq Gym,Gym,,,,,"Karachi, Pakistan",4.4,18,https://www.google.com/maps/place/Haq+Gym/data=!4m7!3m6!1s0x3eb33d361c1fb3fb:0x214a9f8486934135!8m2!3d24.8535473!4d67.0649468!16s%2Fg%2F11rwlndqm8!19sChIJ-7MfHDY9sz4RNUGThoSfSiE?authuser=0&hl=en&rclk=1,,gym,2026-08-18T19:15:54+00:00,0x3eb33d361c1fb3fb:0x214a9f8486934135
Inam Martial Art Academy Gym & Fitness Centre,Gym,03343266988,,,"R2FW+2R3, Gizri Ave","Karachi, Pakistan",4.1,181,https://www.google.com/maps/place/Inam+Martial+Art+Academy+Gym+%26+Fitness+Centre/data=!4m7!3m6!1s0x3eb33c4c3b488057:0xfc10e2874e26884a!8m2!3d24.8225054!4d67.0470527!16s%2Fg%2F11bcf1vrp0!19sChIJV4BIO0w8sz4RSogmTofiEPw?authuser=0&hl=en&rclk=1,,gym,2026-08-18T19:15:54+00:00,0x3eb33c4c3b488057:0xfc10e2874e26884a
Inayat fitness gym,Gym,,,,"V2C7+V76, Hari Chand Rai Rd","Karachi, Pakistan",,,https://www.google.com/maps/place/Inayat+fitness+gym/data=!4m7!3m6!1s0x3eb33f3899637bf1:0xc85cff421161a9d5!8m2!3d24.872173!4d67.0131533!16s%2Fg%2F11v02z0hzr!19sChIJ8XtjmTg_sz4R1alhEUL_XMg?authuser=0&hl=en&rclk=1,,gym,2026-08-18T19:15:54+00:00,0x3eb33f3899637bf1:0xc85cff421161a9d5
Iron Gym,Fitness center,,,,"Suit JM 715/5/1, AL Madina Pride, 3 Jamshed Rd, near Aqsa masjid and Parda Park","Karachi, Pakistan",4.4,18,https://www.google.com/maps/place/Iron+Gym/data=!4m7!3m6!1s0x3eb33ff1b13cd66b:0x64fdfbe0ab815032!8m2!3d24.8829327!4d67.0528845!16s%2Fg%2F11j9dtg62x!19sChIJa9Y8sfE_sz4RMlCBq-D7_WQ?authuser=0&hl=en&rclk=1,,gym,2026-08-18T19:15:54+00:00,0x3eb33ff1b13cd66b:0x64fdfbe0ab815032
Iron men fitness gym,Gym,,,,"V2C8+XPH, Ramji Somaya Rd","Karachi, Pakistan",1.0,1,https://www.google.com/maps/place/Iron+men+fitness+gym/data=!4m7!3m6!1s0x3eb33f0048f17e61:0x2ac4f3107505c9a7!8m2!3d24.8724381!4d67.0168936!16s%2Fg%2F11vzt4qxd1!19sChIJYX7xSAA_sz4Rp8kFdRDzxCo?authuser=0&hl=en&rclk=1,,gym,2026-08-18T19:15:54+00:00,0x3eb33f0048f17e61:0x2ac4f3107505c9a7
Islam Body building gym,Gymnastics club,,,,"R2MV+4RX, Dehli colony","Karachi, Pakistan",3.7,3,https://www.google.com/maps/place/Islam+Body+building+gym/data=!4m7!3m6!1s0x3eb33d001023354d:0x1d3330eabbc1472e!8m2!3d24.8328502!4d67.0445974!16s%2Fg%2F11xp6290l6!19sChIJTTUjEAA9sz4RLkfBu-owMx0?authuser=0&hl=en&rclk=1,,gym,2026-08-18T19:15:54+00:00,0x3eb33d001023354d:0x1d3330eabbc1472e
J.K GYM FITNESS CLUB,Gym,,,,"Saddar Tow, Plot No.G.K 7/5 5A Mezzanine Floor, Madina Heights Ghulam Ghost Street Opp, Kharadar Police Chowki","Karachi, Pakistan",5.0,,https://www.google.com/maps/place/J.K+GYM+FITNESS+CLUB/data=!4m7!3m6!1s0x3eb315014e53dcbb:0x22f6a59fd515a291!8m2!3d24.8503979!4d66.9950476!16s%2Fg%2F11rjvwsfh9!19sChIJu9xTTgEVsz4RkaIV1Z-l9iI?authuser=0&hl=en&rclk=1,,gym,2026-08-18T19:15:54+00:00,0x3eb315014e53dcbb:0x22f6a59fd515a291
Karachi Gym Khana Play Ground,Playground,,,,R2XG+MXH,"Karachi, Pakistan",4.4,8,https://www.google.com/maps/place/Karachi+Gym+Khana+Play+Ground/data=!4m7!3m6!1s0x3eb33ddf58d17e49:0xa7903e3e29dac620!8m2!3d24.8491924!4d67.0274937!16s%2Fg%2F11c55s5f3z!19sChIJSX7RWN89sz4RIMbaKT4-kKc?authuser=0&hl=en&rclk=1,,gym,2026-08-18T19:15:54+00:00,0x3eb33ddf58d17e49:0xa7903e3e29dac620
MIS GYM,Gym,,,,Reopens 7 AM,"Karachi, Pakistan",3.8,33,https://www.google.com/maps/place/MIS+GYM/data=!4m7!3m6!1s0x3eb33d4bb325a6c5:0x2a9946200540cfcb!8m2!3d24.8305625!4d67.0458125!16s%2Fg%2F11fr0vltyn!19sChIJxaYls0s9sz4Ry89ABSBGmSo?authuser=0&hl=en&rclk=1,,gym,2026-08-18T19:15:54+00:00,0x3eb33d4bb325a6c5:0x2a9946200540cfcb
Men gym,Gym,,,,R2JP+9QW,"Karachi, Pakistan",,,https://www.google.com/maps/place/Men+gym/data=!4m7!3m6!1s0x3eb33d0058dc5f8f:0x31e1a9520e6ef8e6!8m2!3d24.8307115!4d67.0366625!16s%2Fg%2F11nth4nntx!19sChIJj1_cWAA9sz4R5vhuDlKp4TE?authuser=0&hl=en&rclk=1,,gym,2026-08-18T19:15:54+00:00,0x3eb33d0058dc5f8f:0x31e1a9520e6ef8e6
Modern Gym and fitness centre,Gym,03112550006,,,"Mezzanaine floor 124 A Sarwat Arcade(Next To Gloria Jean's Coffees), Near Ginsoy Chinese Resturant.Captain Fareed Bukhari Shaheed Road,sindhi","Karachi, Pakistan",3.9,169,https://www.google.com/maps/place/Modern+Gym+and+fitness+centre/data=!4m7!3m6!1s0x3eb33e859b93d0ff:0xa42c3467c106a7ef!8m2!3d24.8642506!4d67.0549383!16s%2Fg%2F1hhvy7wls!19sChIJ_9CTm4U-sz4R76cGwWc0LKQ?authuser=0&hl=en&rclk=1,,gym,2026-08-18T19:15:54+00:00,0x3eb33e859b93d0ff:0xa42c3467c106a7ef
Mohsin Gym,Gym,,,,RXCQ+C6V,"Karachi, Pakistan",4.7,56,https://www.google.com/maps/place/Mohsin+Gym/data=!4m7!3m6!1s0x3eb316180b9b3617:0x73262552aeb7f849!8m2!3d24.8211021!4d66.9880447!16s%2Fg%2F11d_wlngkf!19sChIJFzabCxgWsz4RSfi3rlIlJnM?authuser=0&hl=en&rclk=1,,gym,2026-08-18T19:15:54+00:00,0x3eb316180b9b3617:0x73262552aeb7f849
Munawer Pak Gym,Gym,,,,VXGQ+25X,"Karachi, Pakistan",3.5,17,https://www.google.com/maps/place/Munawer+Pak+Gym/data=!4m7!3m6!1s0x3eb3158fc2044b0b:0x768948e03e360b28!8m2!3d24.8751002!4d66.9879697!16s%2Fg%2F11f03vq9bj!19sChIJC0sEwo8Vsz4RKAs2PuBIiXY?authuser=0&hl=en&rclk=1,,gym,2026-08-18T19:15:54+00:00,0x3eb3158fc2044b0b:0x768948e03e360b28
New Fitness first Gym,Gym,03402066219,,,"Street No. 4, near Al haram biryani","Karachi, Pakistan",4.8,72,https://www.google.com/maps/place/New+Fitness+first+Gym/data=!4m7!3m6!1s0x3eb33dc17a5366c3:0xc13301b64608f386!8m2!3d24.8339053!4d67.0755973!16s%2Fg%2F11j3wx_496!19sChIJw2ZTesE9sz4RhvMIRrYBM8E?authuser=0&hl=en&rclk=1,,gym,2026-08-18T19:15:54+00:00,0x3eb33dc17a5366c3:0xc13301b64608f386
Oxygen Gym,Fitness center,,,,"kb Narainadas road, 672 Gurumandir Chowrangi, near eros bakery","Karachi, Pakistan",4.6,20,https://www.google.com/maps/place/Oxygen+Gym/data=!4m7!3m6!1s0x3eb33fc0921a1901:0x92ccd049202fd7cd!8m2!3d24.8807918!4d67.0402647!16s%2Fg%2F11sd2wvplr!19sChIJARkaksA_sz4RzdcvIEnQzJI?authuser=0&hl=en&rclk=1,,gym,2026-08-18T19:15:54+00:00,0x3eb33fc0921a1901:0x92ccd049202fd7cd
Power Plus Gym,Gym,,,,"V2FH+RXF, Bahadur Yar Jang Rd","Karachi, Pakistan",5.0,2,https://www.google.com/maps/place/Power+Plus+Gym/data=!4m7!3m6!1s0x3eb33fb52362993d:0xe85b1d3f1819095!8m2!3d24.8745625!4d67.0299375!16s%2Fg%2F11zcwz4dn1!19sChIJPZliI7U_sz4RlZCB8dOxhQ4?authuser=0&hl=en&rclk=1,,gym,2026-08-18T19:15:54+00:00,0x3eb33fb52362993d:0xe85b1d3f1819095
RYU Fitness Gym,Gym,,,,349 Annie Basant Rd,"Karachi, Pakistan",4.7,64,https://www.google.com/maps/place/RYU+Fitness+Gym/data=!4m7!3m6!1s0x3eb33f98894a4c57:0xa81a61eb65104d19!8m2!3d24.878335!4d67.0418704!16s%2Fg%2F11rr7q24gp!19sChIJV0xKiZg_sz4RGU0QZethGqg?authuser=0&hl=en&rclk=1,,gym,2026-08-18T19:15:54+00:00,0x3eb33f98894a4c57:0xa81a61eb65104d19
Raise the bar gym & fitness branch 2,Gym,,,,"Mehboob mansion, Yaqub Khan Rd","Karachi, Pakistan",4.2,,https://www.google.com/maps/place/Raise+the+bar+gym+%26+fitness+branch+2/data=!4m7!3m6!1s0x3eb33fafd68a7949:0x90d78a21a2be136!8m2!3d24.8599787!4d67.0128754!16s%2Fg%2F11p5tk1nqz!19sChIJSXmK1q8_sz4RNuErGqJ4DQk?authuser=0&hl=en&rclk=1,,gym,2026-08-18T19:15:54+00:00,0x3eb33fafd68a7949:0x90d78a21a2be136
Ramzan gym,Gym,,,,"Sachal police station, Road","Karachi, Pakistan",1.5,2,https://www.google.com/maps/place/Ramzan+gym/data=!4m7!3m6!1s0x3eb33953fc8fb2e3:0x4119724c98537881!8m2!3d24.8607343!4d67.0011364!16s%2Fg%2F11hz2zmcvp!19sChIJ47KP_FM5sz4RgXhTmExyGUE?authuser=0&hl=en&rclk=1,,gym,2026-08-18T19:15:54+00:00,0x3eb33953fc8fb2e3:0x4119724c98537881
Rania Fitness Gym (LadiesGym),Gym,,,,"Street Street #11, near Madina Masjid","Karachi, Pakistan",4.1,46,https://www.google.com/maps/place/Rania+Fitness+Gym+%28LadiesGym%29/data=!4m7!3m6!1s0x3eb33dcabf8a1b7f:0x69cb7004d79bff24!8m2!3d24.8329722!4d67.0471308!16s%2Fg%2F11hcxbxb7x!19sChIJfxuKv8o9sz4RJP-b1wRwy2k?authuser=0&hl=en&rclk=1,,gym,2026-08-18T19:15:54+00:00,0x3eb33dcabf8a1b7f:0x69cb7004d79bff24
Raza Gold Gym,Gym,,,,"V2G9+G4M, Zaydi Ln","Karachi, Pakistan",3.0,2,https://www.google.com/maps/place/Raza+Gold+Gym/data=!4m7!3m6!1s0x3eb33f7d802ec3df:0x333c8743be29ce0d!8m2!3d24.8763381!4d67.017799!16s%2Fg%2F11j1c2m165!19sChIJ38MugH0_sz4RDc4pvkOHPDM?authuser=0&hl=en&rclk=1,,gym,2026-08-18T19:15:54+00:00,0x3eb33f7d802ec3df:0x333c8743be29ce0d
Retreat Gym,Gym,,,,"D, 2","Karachi, Pakistan",4.3,23,https://www.google.com/maps/place/Retreat+Gym/data=!4m7!3m6!1s0x3eb33d9715f18679:0x3147fb39ab0797f6!8m2!3d24.8159074!4d67.018233!16s%2Fg%2F11hczyr685!19sChIJeYbxFZc9sz4R9pcHqzn7RzE?authuser=0&hl=en&rclk=1,,gym,2026-08-18T19:15:54+00:00,0x3eb33d9715f18679:0x3147fb39ab0797f6
SAK FITNESS GYM,Gym,,,,"V2F6+VMP, Badami St","Karachi, Pakistan",,,https://www.google.com/maps/place/SAK+FITNESS+GYM/data=!4m7!3m6!1s0x3eb33f007cbc5daf:0xe726d7a0b2dfec18!8m2!3d24.8692821!4d67.0132494!16s%2Fg%2F11yyj1fww1!19sChIJr128fAA_sz4RGOzfsqDXJuc?authuser=0&hl=en&rclk=1,,gym,2026-08-18T19:15:54+00:00,0x3eb33f007cbc5daf:0xe726d7a0b2dfec18
SARWAR.GYM pak muslim health gym,Gym,,,,nala stop,"Karachi, Pakistan",1.0,1,https://www.google.com/maps/place/SARWAR.GYM+pak+muslim+health+gym/data=!4m7!3m6!1s0x3eb315532adcc5f3:0x2f247206c1ba3057!8m2!3d24.8626236!4d66.9798632!16s%2Fg%2F11rmx9wtv0!19sChIJ88XcKlMVsz4RVzC6wQZyJC8?authuser=0&hl=en&rclk=1,,gym,2026-08-18T19:15:54+00:00,0x3eb315532adcc5f3:0x2f247206c1ba3057
SK Super Gym,Sports club,,,,RXCQ+C6V,"Karachi, Pakistan",5.0,1,https://www.google.com/maps/place/SK+Super+Gym/data=!4m7!3m6!1s0x3eb3170033bb41b3:0x628e233a1c5363c2!8m2!3d24.8209903!4d66.9881403!16s%2Fg%2F11x8br_3dr!19sChIJs0G7MwAXsz4RwmNTHDojjmI?authuser=0&hl=en&rclk=1,,gym,2026-08-18T19:15:54+00:00,0x3eb3170033bb41b3:0x628e233a1c5363c2
SPARK GYM & FITNESS ZONE – Branch 2,Gym,,,,C 10,"Karachi, Pakistan",4.1,11,https://www.google.com/maps/place/SPARK+GYM+%26+FITNESS+ZONE+%E2%80%93+Branch+2/data=!4m7!3m6!1s0x3eb33f32ffac2951:0x6e930f470a8bdd87!8m2!3d24.8601584!4d67.0477423!16s%2Fg%2F11q_94q0sd!19sChIJUSms_zI_sz4Rh92LCkcPk24?authuser=0&hl=en&rclk=1,,gym,2026-08-18T19:15:54+00:00,0x3eb33f32ffac2951:0x6e930f470a8bdd87
SS FITNESS GYM,Gym,,,,VX4W+8C6,"Karachi, Pakistan",5.0,,https://www.google.com/maps/place/SS+FITNESS+GYM/data=!4m7!3m6!1s0x3eb315003c3052b7:0x45a250b629013c29!8m2!3d24.8557941!4d66.9960178!16s%2Fg%2F11mzrgr423!19sChIJt1IwPAAVsz4RKTwBKbZQokU?authuser=0&hl=en&rclk=1,,gym,2026-08-18T19:15:54+00:00,0x3eb315003c3052b7:0x45a250b629013c29
Shapes Wellness Club - Karachi,Fitness center,,,,"139 McNeil Rd, near Old Race course ground","Karachi, Pakistan",4.3,,https://www.google.com/maps/place/Shapes+Wellness+Club+-+Karachi/data=!4m7!3m6!1s0x3eb33dd21f58789b:0xe7f7781147bdbbc6!8m2!3d24.8418638!4d67.0407067!16s%2Fg%2F1ts1qq7g!19sChIJm3hYH9I9sz4Rxru9RxF49-c?authuser=0&hl=en&rclk=1,,gym,2026-08-18T19:15:54+00:00,0x3eb33dd21f58789b:0xe7f7781147bdbbc6
Smart Zain Gym,Gym,,,,"V252+W5J Lee Market, Khajur Bazar Rd","Karachi, Pakistan",,,https://www.google.com/maps/place/Smart+Zain+Gym/data=!4m7!3m6!1s0x3eb33f0008b04f1f:0x374708fa782b893a!8m2!3d24.8598438!4d67.0003972!16s%2Fg%2F11nr3kxztd!19sChIJH0-wCAA_sz4ROokrePoIRzc?authuser=0&hl=en&rclk=1,,gym,2026-08-18T19:15:54+00:00,0x3eb33f0008b04f1f:0x374708fa782b893a
Smiu Fitness Centre Gym,Gym,,,,V223+9M7,"Karachi, Pakistan",5.0,,https://www.google.com/maps/place/Smiu+Fitness+Centre+Gym/data=!4m7!3m6!1s0x3eb33f2a2a5cfc5b:0x8ef10070878c22e1!8m2!3d24.8509123!4d67.0041652!16s%2Fg%2F11gyxpz0gc!19sChIJW_xcKio_sz4R4SKMh3AA8Y4?authuser=0&hl=en&rclk=1,,gym,2026-08-18T19:15:54+00:00,0x3eb33f2a2a5cfc5b:0x8ef10070878c22e1
Society GYM,Gym,,,,"Society Office, Dr Asghar Qadir St","Karachi, Pakistan",3.7,14,https://www.google.com/maps/place/Society+GYM/data=!4m7!3m6!1s0x3eb33e8bdf07874f:0xe5e3ad8e94565106!8m2!3d24.8699934!4d67.0506076!16s%2Fg%2F11c3_9_8g6!19sChIJT4cH34s-sz4RBlFWlI6t4-U?authuser=0&hl=en&rclk=1,,gym,2026-08-18T19:15:54+00:00,0x3eb33e8bdf07874f:0xe5e3ad8e94565106
Star Gym,Gym,,,,"Shop.22, near Mehran Bakery","Karachi, Pakistan",4.2,,https://www.google.com/maps/place/Star+Gym/data=!4m7!3m6!1s0x3eb315f8fb8787df:0xf597b3f900f4ac9c!8m2!3d24.8519159!4d66.9956887!16s%2Fg%2F11b8v9tq1w!19sChIJ34eH-_gVsz4RnKz0APmzl_U?authuser=0&hl=en&rclk=1,,gym,2026-08-18T19:15:54+00:00,0x3eb315f8fb8787df:0xf597b3f900f4ac9c
Star Gym,Gym,,,,"VXCJ+GPV, Taj Masjid Rd","Karachi, Pakistan",,,https://www.google.com/maps/place/Star+Gym/data=!4m7!3m6!1s0x3eb315001beb6e4f:0x5face8b44981deb8!8m2!3d24.8713592!4d66.9818034!16s%2Fg%2F11n4559p5l!19sChIJT27rGwAVsz4RuN6BSbTorF8?authuser=0&hl=en&rclk=1,,gym,2026-08-18T19:15:54+00:00,0x3eb315001beb6e4f:0x5face8b44981deb8
Star Gym Agra Taj,Gym,,,,Taj masjid rod gli nmbr f.6,"Karachi, Pakistan",4.5,2,https://www.google.com/maps/place/Star+Gym+Agra+Taj/data=!4m7!3m6!1s0x3eb33f2fc9b23c93:0x3bb15a8d59774661!8m2!3d24.867903!4d67.0308849!16s%2Fg%2F11snytc5yd!19sChIJkzyyyS8_sz4RYUZ3WY1asTs?authuser=0&hl=en&rclk=1,,gym,2026-08-18T19:15:54+00:00,0x3eb33f2fc9b23c93:0x3bb15a8d59774661
Stay fitness Gym,Gym,,,,"R2C5+MG9, R2C5+MG5, 5 Block","Karachi, Pakistan",,,https://www.google.com/maps/place/Stay+fitness+Gym/data=!4m7!3m6!1s0x3eb33d71706fb2fb:0xd31ed5f1d39e75f3!8m2!3d24.8216875!4d67.0088125!16s%2Fg%2F11y46_z18k!19sChIJ-7JvcHE9sz4R83We0_HVHtM?authuser=0&hl=en&rclk=1,,gym,2026-08-18T19:15:54+00:00,0x3eb33d71706fb2fb:0xd31ed5f1d39e75f3
Sunset Club gym,Gym,,,,,"Karachi, Pakistan",3.4,18,https://www.google.com/maps/place/Sunset+Club+gym/data=!4m7!3m6!1s0x3eb33c46f07b52e5:0x10af32453addbccb!8m2!3d24.8301837!4d67.0606081!16s%2Fg%2F11gnn7l5nk!19sChIJ5VJ78EY8sz4Ry7zdOkUyrxA?authuser=0&hl=en&rclk=1,,gym,2026-08-18T19:15:54+00:00,0x3eb33c46f07b52e5:0x10af32453addbccb
Super Gym,Gym,,,,Reopens 8 AM,"Karachi, Pakistan",4.1,,https://www.google.com/maps/place/Super+Gym/data=!4m7!3m6!1s0x3eb33f914f8683af:0xc3a84e022c9ebc70!8m2!3d24.8572932!4d67.0313091!16s%2Fg%2F11q9txtv5x!19sChIJr4OGT5E_sz4RcLyeLAJOqMM?authuser=0&hl=en&rclk=1,,gym,2026-08-18T19:15:54+00:00,0x3eb33f914f8683af:0xc3a84e022c9ebc70
THE BRAVO GYM دی براؤ جیم,Fitness center,,,,"Techno City, street karachi, near Habib Bank Plaza","Karachi, Pakistan",4.7,,https://www.google.com/maps/place/THE+BRAVO+GYM+%D8%AF%DB%8C+%D8%A8%D8%B1%D8%A7%D8%A4+%D8%AC%DB%8C%D9%85%E2%80%AD/data=!4m7!3m6!1s0x3eb33f7518f2135d:0x62c7f2d04f85260!8m2!3d24.8509115!4d67.0065635!16s%2Fg%2F11hzyz2_40!19sChIJXRPyGHU_sz4RYFL4BC1_LAY?authuser=0&hl=en&rclk=1,,gym,2026-08-18T19:15:54+00:00,0x3eb33f7518f2135d:0x62c7f2d04f85260
THE FORCE GYM & FITNESS traners,Gym,,,,Plot 130 D,"Karachi, Pakistan",4.3,69,https://www.google.com/maps/place/THE+FORCE+GYM+%26+FITNESS+traners/data=!4m7!3m6!1s0x3eb33db6a8d6941b:0xfb5428be37d861fb!8m2!3d24.8437385!4d67.0550003!16s%2Fg%2F11h03f6qz7!19sChIJG5TWqLY9sz4R-2HYN74oVPs?authuser=0&hl=en&rclk=1,,gym,2026-08-18T19:15:54+00:00,0x3eb33db6a8d6941b:0xfb5428be37d861fb
The Icon GYM,Gym,,,,"Block-1, 66","Karachi, Pakistan",5.0,6,https://www.google.com/maps/place/The+Icon+GYM/data=!4m7!3m6!1s0x3eb33d0011f03fd5:0x3532f39e801faf4d!8m2!3d24.8177737!4d66.999115!16s%2Fg%2F11zh0r73b_!19sChIJ1T_wEQA9sz4RTa8fgJ7zMjU?authuser=0&hl=en&rclk=1,,gym,2026-08-18T19:15:54+00:00,0x3eb33d0011f03fd5:0x3532f39e801faf4d
The Muscle Bar Gym,"POLICE CHOWKI, TAJ MANZIL, near NARGIS BAKERY",,,,,"Karachi, Pakistan",5.0,2,https://www.google.com/maps/place/The+Muscle+Bar+Gym/data=!4m7!3m6!1s0x3eb3150056d18367:0x2c67f3df02e541dc!8m2!3d24.851417!4d66.9962748!16s%2Fg%2F11wv29t05w!19sChIJZ4PRVgAVsz4R3EHlAt_zZyw?authuser=0&hl=en&rclk=1,,gym,2026-08-18T19:15:54+00:00,0x3eb3150056d18367:0x2c67f3df02e541dc
The Oxygen Fitness Gym,Fitness center,,,,"42C, 1st Floor, Stadium Lane, 03 Khayaban-e-Mujahid","Karachi, Pakistan",4.7,57,https://www.google.com/maps/place/The+Oxygen+Fitness+Gym/data=!4m7!3m6!1s0x3eb33d23f8830d2d:0x8211cdc20376da51!8m2!3d24.8124675!4d67.0506078!16s%2Fg%2F11rwln0hwv!19sChIJLQ2D-CM9sz4RUdp2A8LNEYI?authuser=0&hl=en&rclk=1,,gym,2026-08-18T19:15:54+00:00,0x3eb33d23f8830d2d:0x8211cdc20376da51
The Venom Gym Official,Fitness center,,,,"Muhammad bin Qasim street, Main fresco chowk, in front of Molty foam main","Karachi, Pakistan",4.6,,https://www.google.com/maps/place/The+Venom+Gym+Official/data=!4m7!3m6!1s0x3eb33f7afc5721c9:0x734e5aeee9b4842d!8m2!3d24.8560279!4d67.0152796!16s%2Fg%2F11tcnj4h83!19sChIJySFX_Ho_sz4RLYS06e5aTnM?authuser=0&hl=en&rclk=1,,gym,2026-08-18T19:15:54+00:00,0x3eb33f7afc5721c9:0x734e5aeee9b4842d
The X-Factor Gym,Gym,,,,"V29J+6Q8 The X fector Gym, Saddar Karachi, Karachi City, Sindh, Pakistan Sector","Karachi, Pakistan",4.6,13,https://www.google.com/maps/place/The+X-Factor+Gym/data=!4m7!3m6!1s0x3eb33fd9862c8c5f:0x9e33e80acc7cd1bd!8m2!3d24.8680359!4d67.0319573!16s%2Fg%2F11v69zylhj!19sChIJX4wshtk_sz4RvdF8zAroM54?authuser=0&hl=en&rclk=1,,gym,2026-08-18T19:15:54+00:00,0x3eb33fd9862c8c5f:0x9e33e80acc7cd1bd
The gym get lean,Body shaping class,,,,Preedy St,"Karachi, Pakistan",,,https://www.google.com/maps/place/The+gym+get+lean/data=!4m7!3m6!1s0x3eb33fad8e1f87c1:0xdbf1fa9990558d33!8m2!3d24.8611537!4d67.0233103!16s%2Fg%2F11yrt7bdh8!19sChIJwYcfjq0_sz4RM41VkJn68ds?authuser=0&hl=en&rclk=1,,gym,2026-08-18T19:15:54+00:00,0x3eb33fad8e1f87c1:0xdbf1fa9990558d33
Titan Fitness Gym,Gym,,,,"Shop No m1, yousuf grand square,teen talwar, khayaban-e-iqbal rd, karachi","Karachi, Pakistan",4.7,,https://www.google.com/maps/place/Titan+Fitness+Gym/data=!4m7!3m6!1s0x3eb33d564d188d5f:0xd0d7f612c82c3af3!8m2!3d24.8316794!4d67.0346374!16s%2Fg%2F11g_qmrcg7!19sChIJX40YTVY9sz4R8zosyBL219A?authuser=0&hl=en&rclk=1,,gym,2026-08-18T19:15:54+00:00,0x3eb33d564d188d5f:0xd0d7f612c82c3af3
U FITT Ladies Gym,Gym,03228290074,,,"Mezannine floor, Plot, 54 M Kashmir Rd","Karachi, Pakistan",4.3,70,https://www.google.com/maps/place/U+FITT+Ladies+Gym/data=!4m7!3m6!1s0x3eb33e8afe89d91d:0x729abcbd135a88b9!8m2!3d24.872849!4d67.0493554!16s%2Fg%2F11c1pfkl3j!19sChIJHdmJ_oo-sz4RuYhaE728mnI?authuser=0&hl=en&rclk=1,,gym,2026-08-18T19:15:54+00:00,0x3eb33e8afe89d91d:0x729abcbd135a88b9
Universal GYM,Gym,,,,"VXCP+VPG, Jams, Jama Masjid Bihar Colony Rd","Karachi, Pakistan",5.0,2,https://www.google.com/maps/place/Universal+GYM/data=!4m7!3m6!1s0x3eb315e0c0b6caef:0xae6769722e221b2e!8m2!3d24.8720678!4d66.9869415!16s%2Fg%2F11vkk1gz7s!19sChIJ78q2wOAVsz4RLhsiLnJpZ64?authuser=0&hl=en&rclk=1,,gym,2026-08-18T19:15:54+00:00,0x3eb315e0c0b6caef:0xae6769722e221b2e
VenzCore Gym & Sports Arena,Gym,,,,"R2RP+3P5, Lilly Bridge","Karachi, Pakistan",4.6,,https://www.google.com/maps/place/VenzCore+Gym+%26+Sports+Arena/data=!4m7!3m6!1s0x3eb33d0065fd80a1:0x49b38268173e6fe6!8m2!3d24.840531!4d67.036826!16s%2Fg%2F11xt2ybvp0!19sChIJoYD9ZQA9sz4R5m8-F2iCs0k?authuser=0&hl=en&rclk=1,,gym,2026-08-18T19:15:54+00:00,0x3eb33d0065fd80a1:0x49b38268173e6fe6
Wieder Gym,Gym,,,,R25P+M98,"Karachi, Pakistan",3.9,35,https://www.google.com/maps/place/Wieder+Gym/data=!4m7!3m6!1s0x3eb33da88cc2222f:0xf79a470f6d50b7a3!8m2!3d24.8091733!4d67.0359546!16s%2Fg%2F11bv1cxgrk!19sChIJLyLCjKg9sz4Ro7dQbQ9Hmvc?authuser=0&hl=en&rclk=1,,gym,2026-08-18T19:15:54+00:00,0x3eb33da88cc2222f:0xf79a470f6d50b7a3
Women gym,Gym,,,,R2HP+RRW Abdullah Park,"Karachi, Pakistan",,,https://www.google.com/maps/place/Women+gym/data=!4m7!3m6!1s0x3eb33d00514f4f63:0x144983279fd485ab!8m2!3d24.8297123!4d67.0372418!16s%2Fg%2F11ntgr8ngc!19sChIJY09PUQA9sz4Rq4XUnyeDSRQ?authuser=0&hl=en&rclk=1,,gym,2026-08-18T19:15:54+00:00,0x3eb33d00514f4f63:0x144983279fd485ab
Zaidan Fitness Gym,Fitness center,,,,VX9M+W6G,"Karachi, Pakistan",4.3,6,https://www.google.com/maps/place/Zaidan+Fitness+Gym/data=!4m7!3m6!1s0x3eb31500362d7219:0xa1bb22d8f6c60710!8m2!3d24.8698125!4d66.9830781!16s%2Fg%2F11xv4pfx4v!19sChIJGXItNgAVsz4REAfG9tgiu6E?authuser=0&hl=en&rclk=1,,gym,2026-08-18T19:15:54+00:00,0x3eb31500362d7219:0xa1bb22d8f6c60710
Zain Fitness Gym,Gym,,,,V252+62V,"Karachi, Pakistan",4.0,,https://www.google.com/maps/place/Zain+Fitness+Gym/data=!4m7!3m6!1s0x3eb33fb9c0388c5b:0x57f08d4809af4b04!8m2!3d24.8581224!4d67.0000551!16s%2Fg%2F11mxx9jr7m!19sChIJW4w4wLk_sz4RBEuvCUiN8Fc?authuser=0&hl=en&rclk=1,,gym,2026-08-18T19:15:54+00:00,0x3eb33fb9c0388c5b:0x57f08d4809af4b04
Zamzama Park Gym (Open Air),Gym,,,,"R27Q+PC4, Khayaban-e-Shujaat","Karachi, Pakistan",3.5,4,https://www.google.com/maps/place/Zamzama+Park+Gym+%28Open+Air%29/data=!4m7!3m6!1s0x3eb33d7b77d742d1:0x3d53b16a68f07480!8m2!3d24.8142681!4d67.0385892!16s%2Fg%2F11gxsbr0mr!19sChIJ0ULXd3s9sz4RgHTwaGqxUz0?authuser=0&hl=en&rclk=1,,gym,2026-08-18T19:15:54+00:00,0x3eb33d7b77d742d1:0x3d53b16a68f07480
chain of ironman gym,Gym,,,,VX3V+3R6,"Karachi, Pakistan",3.7,6,https://www.google.com/maps/place/chain+of+ironman+gym/data=!4m7!3m6!1s0x3eb315001aeef9e3:0x9bc4381bb8c5a6ba!8m2!3d24.8526582!4d66.9945175!16s%2Fg%2F11x6wlt7jc!19sChIJ4_nuGgAVsz4RuqbFuBs4xJs?authuser=0&hl=en&rclk=1,,gym,2026-08-18T19:15:54+00:00,0x3eb315001aeef9e3:0x9bc4381bb8c5a6ba
