Name,Category,Phone,Email,Address,City,Country,Rating,Reviews,Maps URL,Email Source,Search Query,Scraped At,Place ID
A-One Bakery اے ون بیکری,"Rs 1–1,000",,,"V26J+584, Mir Karam Ali Talpur Rd","Karachi, Pakistan",Pakistan,4.1,783,https://www.google.com/maps/place/A-One+Bakery+%D8%A7%DB%92+%D9%88%D9%86+%D8%A8%DB%8C%DA%A9%D8%B1%DB%8C%E2%80%AD/data=!4m7!3m6!1s0x3eb33e71cff9b885:0xd87e3a87964dc51f!8m2!3d24.8603939!4d67.0308278!16s%2Fg%2F1tfdbyld!19sChIJhbj5z3E-sz4RH8VNloc6ftg?authuser=0&hl=en&rclk=1,,bakery,2026-08-18T19:16:25+00:00,0x3eb33e71cff9b885:0xd87e3a87964dc51f
ABDULLAH BAKERY & GENERAL STORE,General store,,,1 Mir Mohammad Baloch Rd,"Karachi, Pakistan",Pakistan,1.0,1,https://www.google.com/maps/place/ABDULLAH+BAKERY+%26+GENERAL+STORE/data=!4m7!3m6!1s0x3eb31504efe7d96f:0x200de1a9cc7d07b9!8m2!3d24.8604313!4d66.9974164!16s%2Fg%2F11fsk9lwvn!19sChIJb9nn7wQVsz4RuQd9zKnhDSA?authuser=0&hl=en&rclk=1,,bakery,2026-08-18T19:16:25+00:00,0x3eb31504efe7d96f:0x200de1a9cc7d07b9
Aashiq Bakery,Bakery,,,"VX4Q+3PX, Molvi Muhammad Sadiq Rd","Karachi, Pakistan",Pakistan,4.6,7,https://www.google.com/maps/place/Aashiq+Bakery/data=!4m7!3m6!1s0x3eb315bee87bf533:0x86537fa4386fe561!8m2!3d24.8552405!4d66.989346!16s%2Fg%2F11q23k7wn7!19sChIJM_V76L4Vsz4RYeVvOKR_U4Y?authuser=0&hl=en&rclk=1,,bakery,2026-08-18T19:16:25+00:00,0x3eb315bee87bf533:0x86537fa4386fe561
Akram Bakery,Bakery,,,"VX4V+WH2, Unnamed Road","Karachi, Pakistan",Pakistan,4.7,3,https://www.google.com/maps/place/Akram+Bakery/data=!4m7!3m6!1s0x3eb315060c321b91:0xd9a4a5c4eee5f84e!8m2!3d24.8572705!4d66.9938973!16s%2Fg%2F11gmcxj3yj!19sChIJkRsyDAYVsz4RTvjl7sSlpNk?authuser=0&hl=en&rclk=1,,bakery,2026-08-18T19:16:25+00:00,0x3eb315060c321b91:0xd9a4a5c4eee5f84e
"Al Abbas Bakery, Nimko, Burger",Bakery,,,"V236+QCP, Shahrah-e-Liaquat","Karachi, Pakistan",Pakistan,3.8,28,"https://www.google.com/maps/place/Al+Abbas+Bakery,+Nimko,+Burger/data=!4m7!3m6!1s0x3eb33e0f7b7b86df:0x7e29af9e7e8215c6!8m2!3d24.8544584!4d67.0110674!16s%2Fg%2F11dxb0sk9c!19sChIJ34Z7ew8-sz4RxhWCfp6vKX4?authuser=0&hl=en&rclk=1",,bakery,2026-08-18T19:16:25+00:00,0x3eb33e0f7b7b86df:0x7e29af9e7e8215c6
Al Naseeb Bakery,Bakery,,,"VX5X+3CJ, Madani Rd","Karachi, Pakistan",Pakistan,5.0,2,https://www.google.com/maps/place/Al+Naseeb+Bakery/data=!4m7!3m6!1s0x3eb31530689e40ed:0xe53e9b9dc27695ef!8m2!3d24.85771!4d66.9985068!16s%2Fg%2F11lkj5jdbx!19sChIJ7UCeaDAVsz4R75V2wp2bPuU?authuser=0&hl=en&rclk=1,,bakery,2026-08-18T19:16:25+00:00,0x3eb31530689e40ed:0xe53e9b9dc27695ef
Al Rasheed Bakery,Bakery,,,"V262+7FR, National bank Gidjd Vkf Gjffj Fudge","Karachi, Pakistan",Pakistan,,,https://www.google.com/maps/place/Al+Rasheed+Bakery/data=!4m7!3m6!1s0x3eb33f67ba3c8acf:0x42bc9a543ed43144!8m2!3d24.8607343!4d67.0011364!16s%2Fg%2F11pb11ztsn!19sChIJz4o8umc_sz4RRDHUPlSavEI?authuser=0&hl=en&rclk=1,,bakery,2026-08-18T19:16:25+00:00,0x3eb33f67ba3c8acf:0x42bc9a543ed43144
Al makkah bakery,Bakery,,,VX6R+57J,"Karachi, Pakistan",Pakistan,4.1,8,https://www.google.com/maps/place/Al+makkah+bakery/data=!4m7!3m6!1s0x3eb31526516e3b07:0x92704a4050627533!8m2!3d24.8604546!4d66.9906393!16s%2Fg%2F11n6l8wy1w!19sChIJBztuUSYVsz4RM3ViUEBKcJI?authuser=0&hl=en&rclk=1,,bakery,2026-08-18T19:16:25+00:00,0x3eb31526516e3b07:0x92704a4050627533
Allah Wala Bakers۔ اللّٰہ والا بیکرز,"Rs 1–1,000",,,"V248+544, Muhammad Bin Qasim Rd","Karachi, Pakistan",Pakistan,4.1,199,https://www.google.com/maps/place/Allah+Wala+Bakers%DB%94+%D8%A7%D9%84%D9%84%D9%91%D9%B0%DB%81+%D9%88%D8%A7%D9%84%D8%A7+%D8%A8%DB%8C%DA%A9%D8%B1%D8%B2%E2%80%AD/data=!4m7!3m6!1s0x3eb33e0e8ae53189:0xbebdf64b3886650b!8m2!3d24.8553813!4d67.015325!16s%2Fg%2F11_j_lk30!19sChIJiTHlig4-sz4RC2WGOEv2vb4?authuser=0&hl=en&rclk=1,,bakery,2026-08-18T19:16:25+00:00,0x3eb33e0e8ae53189:0xbebdf64b3886650b
Allah ho bakery,Bakery,,,"V288+V9M, Vishan Das Rd","Karachi, Pakistan",Pakistan,4.3,38,https://www.google.com/maps/place/Allah+ho+bakery/data=!4m7!3m6!1s0x3eb33fbad5b6925b:0xef43397d3cfa2ffc!8m2!3d24.8672112!4d67.0159071!16s%2Fg%2F11fn52cb6r!19sChIJW5K21bo_sz4R_C_6PH05Q-8?authuser=0&hl=en&rclk=1,,bakery,2026-08-18T19:16:25+00:00,0x3eb33fbad5b6925b:0xef43397d3cfa2ffc
Amour - Live Bakery & Cafe,"Rs 1–1,000",,,Cafe,"Karachi, Pakistan",Pakistan,4.8,50,https://www.google.com/maps/place/Amour+-+Live+Bakery+%26+Cafe/data=!4m7!3m6!1s0x3eb33dd74fc6f7ad:0x9f11daed44f8c0e7!8m2!3d24.8268539!4d67.0335573!16s%2Fg%2F11ypzk4s8v!19sChIJrffGT9c9sz4R58D4RO3aEZ8?authuser=0&hl=en&rclk=1,,bakery,2026-08-18T19:16:25+00:00,0x3eb33dd74fc6f7ad:0x9f11daed44f8c0e7
Anas bakery,Bakery,,,VX3Q+VXW,"Karachi, Pakistan",Pakistan,4.0,1,https://www.google.com/maps/place/Anas+bakery/data=!4m7!3m6!1s0x3eb3151ca20fae73:0xed90731ab87401cb!8m2!3d24.8547412!4d66.9899418!16s%2Fg%2F11ptz95rnt!19sChIJc64PohwVsz4RywF0uBpzkO0?authuser=0&hl=en&rclk=1,,bakery,2026-08-18T19:16:25+00:00,0x3eb3151ca20fae73:0xed90731ab87401cb
Anjarwala's sweet and Bakers,"Rs 1–1,000",,,Tayyabjee Rd,"Karachi, Pakistan",Pakistan,4.3,1752,https://www.google.com/maps/place/Anjarwala%27s+sweet+and+Bakers/data=!4m7!3m6!1s0x3eb33e05967ff8c5:0xa8c9d57090f1e9e7!8m2!3d24.8536525!4d67.0095267!16s%2Fg%2F11s5hgq06g!19sChIJxfh_lgU-sz4R5-nxkHDVyag?authuser=0&hl=en&rclk=1,,bakery,2026-08-18T19:16:25+00:00,0x3eb33e05967ff8c5:0xa8c9d57090f1e9e7
Arif Bakery عارف بیکری,Bakery,,,Reopens 7 AM,"Karachi, Pakistan",Pakistan,5.0,1,https://www.google.com/maps/place/Arif+Bakery+%D8%B9%D8%A7%D8%B1%D9%81+%D8%A8%DB%8C%DA%A9%D8%B1%DB%8C%E2%80%AD/data=!4m7!3m6!1s0x3eb315f259b07a15:0xfbbe9eabb6cd8543!8m2!3d24.8504267!4d66.9964213!16s%2Fg%2F11j8k0d_wm!19sChIJFXqwWfIVsz4RQ4XNtquevvs?authuser=0&hl=en&rclk=1,,bakery,2026-08-18T19:16:25+00:00,0x3eb315f259b07a15:0xfbbe9eabb6cd8543
Arif Bakery&Saqlain Bakery,Bakery,,,V262+7FR,"Karachi, Pakistan",Pakistan,,,https://www.google.com/maps/place/Arif+Bakery%26Saqlain+Bakery/data=!4m7!3m6!1s0x3eb33f004b097bb9:0x33614f3ebae08fb2!8m2!3d24.8607343!4d67.0011364!16s%2Fg%2F11z71btdw9!19sChIJuXsJSwA_sz4Rso_guj5PYTM?authuser=0&hl=en&rclk=1,,bakery,2026-08-18T19:16:25+00:00,0x3eb33f004b097bb9:0x33614f3ebae08fb2
Armeen's Bakery,Bakery,,,16 Ch Khalique Uz Zaman Rd,"Karachi, Pakistan",Pakistan,4.6,29,https://www.google.com/maps/place/Armeen%27s+Bakery/data=!4m7!3m6!1s0x3eb33d758f664477:0x614259341ba64842!8m2!3d24.8360269!4d67.0364043!16s%2Fg%2F11hztb6258!19sChIJd0Rmj3U9sz4RQkimGzRZQmE?authuser=0&hl=en&rclk=1,,bakery,2026-08-18T19:16:25+00:00,0x3eb33d758f664477:0x614259341ba64842
Arslan Bakery,Bakery,,,"V263+3MR, Haji Peer St","Karachi, Pakistan",Pakistan,4.2,42,https://www.google.com/maps/place/Arslan+Bakery/data=!4m7!3m6!1s0x3eb33e1c7ae6c5a9:0x6aa20a7d15466a94!8m2!3d24.8599889!4d67.0041507!16s%2Fg%2F11f_qrw7_n!19sChIJqcXmehw-sz4RlGpGFX0Komo?authuser=0&hl=en&rclk=1,,bakery,2026-08-18T19:16:25+00:00,0x3eb33e1c7ae6c5a9:0x6aa20a7d15466a94
Aslam Bakery,Bakery,,,VX4R+3FJ Khada memon lyari,"Karachi, Pakistan",Pakistan,5.0,2,https://www.google.com/maps/place/Aslam+Bakery/data=!4m7!3m6!1s0x3eb31500083eca5d:0x60b2bb92c630f40!8m2!3d24.8552046!4d66.9911438!16s%2Fg%2F11lcyg7_pn!19sChIJXco-CAAVsz4RQA9jLLkrCwY?authuser=0&hl=en&rclk=1,,bakery,2026-08-18T19:16:25+00:00,0x3eb31500083eca5d:0x60b2bb92c630f40
Atif Bakery and General Store,General store,,,"VX4V+JJ4, Kutchi Gali","Karachi, Pakistan",Pakistan,3.5,2,https://www.google.com/maps/place/Atif+Bakery+and+General+Store/data=!4m7!3m6!1s0x3eb315008e1eb665:0xc5b8943ca31b0ebe!8m2!3d24.8565108!4d66.994077!16s%2Fg%2F11h9gbjctm!19sChIJZbYejgAVsz4Rvg4bozyUuMU?authuser=0&hl=en&rclk=1,,bakery,2026-08-18T19:16:25+00:00,0x3eb315008e1eb665:0xc5b8943ca31b0ebe
Awami Bakery,Bakery,,,"V297+7V3, Rajkot St","Karachi, Pakistan",Pakistan,4.2,208,https://www.google.com/maps/place/Awami+Bakery/data=!4m7!3m6!1s0x3eb33e1647072119:0xc0b185a6c8fdbe3c!8m2!3d24.8681291!4d67.014658!16s%2Fg%2F11fy247lx7!19sChIJGSEHRxY-sz4RPL79yKaFscA?authuser=0&hl=en&rclk=1,,bakery,2026-08-18T19:16:25+00:00,0x3eb33e1647072119:0xc0b185a6c8fdbe3c
BADAR BAKERY AND NIMCO Shokat gujjar,Bakery,,,1 Ahmad Saeed Rizvi road,"Karachi, Pakistan",Pakistan,,,https://www.google.com/maps/place/BADAR+BAKERY+AND+NIMCO+Shokat+gujjar/data=!4m7!3m6!1s0x3eb33f0071f3ace5:0xded09ebbf9bcd170!8m2!3d24.8607343!4d67.0011364!16s%2Fg%2F11xysnj_k9!19sChIJ5azzcQA_sz4RcNG8-bue0N4?authuser=0&hl=en&rclk=1,,bakery,2026-08-18T19:16:25+00:00,0x3eb33f0071f3ace5:0xded09ebbf9bcd170
Babooji Bakery,Bakery,,,"V277+49R, Hira Lal Rd","Karachi, Pakistan",Pakistan,5.0,1,https://www.google.com/maps/place/Babooji+Bakery/data=!4m7!3m6!1s0x3eb33f4eb9ad52ab:0xf456ffc63013d28!8m2!3d24.8628579!4d67.0133987!16s%2Fg%2F11h_f806y1!19sChIJq1KtuU4_sz4RKD0BY_xvRQ8?authuser=0&hl=en&rclk=1,,bakery,2026-08-18T19:16:25+00:00,0x3eb33f4eb9ad52ab:0xf456ffc63013d28
Badam Bakery بادام بیکری,Bakery,,,Jutland Line Bazaar,"Karachi, Pakistan",Pakistan,4.1,9,https://www.google.com/maps/place/Badam+Bakery+%D8%A8%D8%A7%D8%AF%D8%A7%D9%85+%D8%A8%DB%8C%DA%A9%D8%B1%DB%8C%E2%80%AD/data=!4m7!3m6!1s0x3eb33f007f3dd775:0x30618f6d234dda84!8m2!3d24.863692!4d67.0406064!16s%2Fg%2F11y34k786l!19sChIJddc9fwA_sz4RhNpNI22PYTA?authuser=0&hl=en&rclk=1,,bakery,2026-08-18T19:16:25+00:00,0x3eb33f007f3dd775:0x30618f6d234dda84
Bakery Bazaar,Bakery equipment,,,"Shop 2, khwaja house, chabba street","Karachi, Pakistan",Pakistan,,,https://www.google.com/maps/place/Bakery+Bazaar/data=!4m7!3m6!1s0x3eb33f45e1fcecd5:0x428b83951509976f!8m2!3d24.8588049!4d67.0058608!16s%2Fg%2F11n3k6gzjm!19sChIJ1ez84UU_sz4Rb5cJFZWDi0I?authuser=0&hl=en&rclk=1,,bakery,2026-08-18T19:16:25+00:00,0x3eb33f45e1fcecd5:0x428b83951509976f
Baloch Bakery,Bakery,,,VX9X+MCF,"Karachi, Pakistan",Pakistan,5.0,1,https://www.google.com/maps/place/Baloch+Bakery/data=!4m7!3m6!1s0x3eb33f0043099add:0xb5518bc4214a36e5!8m2!3d24.869104!4d66.9989255!16s%2Fg%2F11msbbtxtg!19sChIJ3ZoJQwA_sz4R5TZKIcSLUbU?authuser=0&hl=en&rclk=1,,bakery,2026-08-18T19:16:25+00:00,0x3eb33f0043099add:0xb5518bc4214a36e5
Bashir Bakery,Bakery,,,"VX4W+FVF Khushi Mohamnad Mansion, Street no 3, near Usman Terrace","Karachi, Pakistan",Pakistan,5.0,2,https://www.google.com/maps/place/Bashir+Bakery/data=!4m7!3m6!1s0x3eb31513265df2e7:0x45304bfe51ddf72b!8m2!3d24.8559829!4d66.9972957!16s%2Fg%2F11tnz_kd5j!19sChIJ5_JdJhMVsz4RK_fdUf5LMEU?authuser=0&hl=en&rclk=1,,bakery,2026-08-18T19:16:25+00:00,0x3eb31513265df2e7:0x45304bfe51ddf72b
Benazir Bakery,Bakery,,,"VX6V+CRV, Atmaram Pritamdas Rd","Karachi, Pakistan",Pakistan,4.3,7,https://www.google.com/maps/place/Benazir+Bakery/data=!4m7!3m6!1s0x3eb31526086753f9:0xec6d25f469e94f18!8m2!3d24.8611004!4d66.9945363!16s%2Fg%2F11smryyt05!19sChIJ-VNnCCYVsz4RGE_pafQlbew?authuser=0&hl=en&rclk=1,,bakery,2026-08-18T19:16:25+00:00,0x3eb31526086753f9:0xec6d25f469e94f18
Best Bakery,Bakery,,,VX6X+2GR Lee Market,"Karachi, Pakistan",Pakistan,4.5,2,https://www.google.com/maps/place/Best+Bakery/data=!4m7!3m6!1s0x3eb315104aa80f11:0xc712ce7baa2dc779!8m2!3d24.8601239!4d66.9987763!16s%2Fg%2F11kjzd0y5b!19sChIJEQ-oShAVsz4RecctqnvOEsc?authuser=0&hl=en&rclk=1,,bakery,2026-08-18T19:16:25+00:00,0x3eb315104aa80f11:0xc712ce7baa2dc779
Bismillah Bakery ( AliShah Qadir Bakery Wala ),Bakery,,,Bismillah Bakery,"Karachi, Pakistan",Pakistan,5.0,1,https://www.google.com/maps/place/Bismillah+Bakery+%28+AliShah+Qadir+Bakery+Wala+%29/data=!4m7!3m6!1s0x3eb33f1262ba0345:0x9d3fd285715b7947!8m2!3d24.8610639!4d67.0036491!16s%2Fg%2F11t9fgqrjr!19sChIJRQO6YhI_sz4RR3lbcYXSP50?authuser=0&hl=en&rclk=1,,bakery,2026-08-18T19:16:25+00:00,0x3eb33f1262ba0345:0x9d3fd285715b7947
Bismillah bakery,Bakery,,,1 Mir Mohammad Baloch Rd,"Karachi, Pakistan",Pakistan,5.0,2,https://www.google.com/maps/place/Bismillah+bakery/data=!4m7!3m6!1s0x3eb3150b0373eacf:0xda1594cf08a02c49!8m2!3d24.8602079!4d66.9978277!16s%2Fg%2F11qvcxgs27!19sChIJz-pzAwsVsz4RSSygCM-UFdo?authuser=0&hl=en&rclk=1,,bakery,2026-08-18T19:16:25+00:00,0x3eb3150b0373eacf:0xda1594cf08a02c49
Bread Center & Bakery,Bakery,,,"V25J+F6C, Dr Daud Pota Rd","Karachi, Pakistan",Pakistan,4.6,21,https://www.google.com/maps/place/Bread+Center+%26+Bakery/data=!4m7!3m6!1s0x3eb33f004f1801b5:0xedb385444aa3c5af!8m2!3d24.8586687!4d67.0305376!16s%2Fg%2F11xssbtsm8!19sChIJtQEYTwA_sz4Rr8WjSkSFs-0?authuser=0&hl=en&rclk=1,,bakery,2026-08-18T19:16:25+00:00,0x3eb33f004f1801b5:0xedb385444aa3c5af
Crispo Bakery Sweets & Nimko,"Rs 1–1,000",,,"V26J+8P5, Shahrah-e-Iraq, Saddar Town, Karachi, Sindh","Karachi, Pakistan",Pakistan,4.1,188,https://www.google.com/maps/place/Crispo+Bakery+Sweets+%26+Nimko/data=!4m7!3m6!1s0x3eb33e702c48b40f:0x4c91f61f89ada563!8m2!3d24.8607693!4d67.0318714!16s%2Fg%2F11xdxv449!19sChIJD7RILHA-sz4RY6WtiR_2kUw?authuser=0&hl=en&rclk=1,,bakery,2026-08-18T19:16:25+00:00,0x3eb33e702c48b40f:0x4c91f61f89ada563
Crown Bakery,Bakery,,,"VX5V+3WJ, Abraham Reuben St","Karachi, Pakistan",Pakistan,3.8,17,https://www.google.com/maps/place/Crown+Bakery/data=!4m7!3m6!1s0x3eb315f7195371af:0xd8fef22cbee562fe!8m2!3d24.8577047!4d66.9947706!16s%2Fg%2F11gd67kr9n!19sChIJr3FTGfcVsz4R_mLlvizy_tg?authuser=0&hl=en&rclk=1,,bakery,2026-08-18T19:16:25+00:00,0x3eb315f7195371af:0xd8fef22cbee562fe
DL cakes and bakery items,Cake shop,,,jilani street,"Karachi, Pakistan",Pakistan,,,https://www.google.com/maps/place/DL+cakes+and+bakery+items/data=!4m7!3m6!1s0x3eb33f264396d3fd:0x6c6e152028b04e48!8m2!3d24.8500349!4d67.000623!16s%2Fg%2F11nb_v2r3n!19sChIJ_dOWQyY_sz4RSE6wKCAVbmw?authuser=0&hl=en&rclk=1,,bakery,2026-08-18T19:16:25+00:00,0x3eb33f264396d3fd:0x6c6e152028b04e48
Dawood Store & Bakery,General store,,,"VX2W+6H5, Chapel St","Karachi, Pakistan",Pakistan,5.0,3,https://www.google.com/maps/place/Dawood+Store+%26+Bakery/data=!4m7!3m6!1s0x3eb315fa2702225d:0x54bbbf893ca16849!8m2!3d24.8504432!4d66.9963318!16s%2Fg%2F11s3y7clw5!19sChIJXSICJ_oVsz4RSWihPIm_u1Q?authuser=0&hl=en&rclk=1,,bakery,2026-08-18T19:16:25+00:00,0x3eb315fa2702225d:0x54bbbf893ca16849
Delizia Bakery Khayaban-e-Roomi,"Rs 1,000–5,000",,,"Shop 29, Hashoo Terrace, Block 5, Khayaban-e-Roomi Block 5 Clifton, Karachi, Karachi City","Karachi, Pakistan",Pakistan,4.4,900,https://www.google.com/maps/place/Delizia+Bakery+Khayaban-e-Roomi/data=!4m7!3m6!1s0x3eb33da8f7b652af:0x6103a685f072a60f!8m2!3d24.8270421!4d67.0302339!16s%2Fg%2F11f5v2328x!19sChIJr1K296g9sz4RD6Zy8IWmA2E?authuser=0&hl=en&rclk=1,,bakery,2026-08-18T19:16:25+00:00,0x3eb33da8f7b652af:0x6103a685f072a60f
Diamond Bakery,Bakery,,,Dr Syedna Mohammed Burhanuddin Rd,"Karachi, Pakistan",Pakistan,,,https://www.google.com/maps/place/Diamond+Bakery/data=!4m7!3m6!1s0x3eb33f006ad7db29:0x2e4249d1f69687fc!8m2!3d24.8604579!4d67.0317452!16s%2Fg%2F11v_4ct56v!19sChIJKdvXagA_sz4R_IeW9tFJQi4?authuser=0&hl=en&rclk=1,,bakery,2026-08-18T19:16:25+00:00,0x3eb33f006ad7db29:0x2e4249d1f69687fc
Dolphin Bakery,Bakery,,,"V27C+H47, Marshal St","Karachi, Pakistan",Pakistan,4.0,2,https://www.google.com/maps/place/Dolphin+Bakery/data=!4m7!3m6!1s0x3eb33f002cff30bd:0x211a80c0af37fe54!8m2!3d24.8639926!4d67.0203039!16s%2Fg%2F11ldq3l6hw!19sChIJvTD_LAA_sz4RVP43r8CAGiE?authuser=0&hl=en&rclk=1,,bakery,2026-08-18T19:16:25+00:00,0x3eb33f002cff30bd:0x211a80c0af37fe54
Faizan Bakery's,Bakery,,,"VX6R+875, Fida Hussain Shaikha Rd","Karachi, Pakistan",Pakistan,5.0,1,https://www.google.com/maps/place/Faizan+Bakery%27s/data=!4m7!3m6!1s0x3eb315ac60e3ab4f:0x68687e4f0a363f67!8m2!3d24.8607658!4d66.9907364!16s%2Fg%2F11j1m6w2p_!19sChIJT6vjYKwVsz4RZz82Ck9-aGg?authuser=0&hl=en&rclk=1,,bakery,2026-08-18T19:16:25+00:00,0x3eb315ac60e3ab4f:0x68687e4f0a363f67
Fateh sweets and bakery,Bakery,,,"R2MV+4R, street #17","Karachi, Pakistan",Pakistan,4.3,92,https://www.google.com/maps/place/Fateh+sweets+and+bakery/data=!4m7!3m6!1s0x3eb33d8442e5b7a3:0x722d3f4f0c716425!8m2!3d24.8328891!4d67.0447899!16s%2Fg%2F11h2jrf2nj!19sChIJo7flQoQ9sz4RJWRxDE8_LXI?authuser=0&hl=en&rclk=1,,bakery,2026-08-18T19:16:25+00:00,0x3eb33d8442e5b7a3:0x722d3f4f0c716425
Fine Bakery,Bakery,,,VX5R+76P,"Karachi, Pakistan",Pakistan,4.3,3,https://www.google.com/maps/place/Fine+Bakery/data=!4m7!3m6!1s0x3eb31531135223a3:0xc5b7311feff69c9c!8m2!3d24.8581889!4d66.9905273!16s%2Fg%2F11sr7cldrl!19sChIJoyNSEzEVsz4RnJz27x8xt8U?authuser=0&hl=en&rclk=1,,bakery,2026-08-18T19:16:25+00:00,0x3eb31531135223a3:0xc5b7311feff69c9c
Fresco Bakers,Bakery,,,"Shop No.12, Teen Talwar, Chartered Accountants Avenue, opposite Country-8","Karachi, Pakistan",Pakistan,4.3,40,https://www.google.com/maps/place/Fresco+Bakers/data=!4m7!3m6!1s0x3eb33d3aef74e499:0x52a8b152644a8af5!8m2!3d24.8352869!4d67.0367781!16s%2Fg%2F11rv3nmn82!19sChIJmeR07zo9sz4R9YpKZFKxqFI?authuser=0&hl=en&rclk=1,,bakery,2026-08-18T19:16:25+00:00,0x3eb33d3aef74e499:0x52a8b152644a8af5
Gala bakery,Bakery,,,"V277+QQJ, Al-Shifa St","Karachi, Pakistan",Pakistan,5.0,1,https://www.google.com/maps/place/Gala+bakery/data=!4m7!3m6!1s0x3eb33f00331810a9:0x76e360f765721a7a!8m2!3d24.8644536!4d67.0143768!16s%2Fg%2F11yfyzg7j8!19sChIJqRAYMwA_sz4RehpyZfdg43Y?authuser=0&hl=en&rclk=1,,bakery,2026-08-18T19:16:25+00:00,0x3eb33f00331810a9:0x76e360f765721a7a
Ghousia Bakery ( غوثیہ بیکری ),Bakery,,,"V285+6X9, Kaka St","Karachi, Pakistan",Pakistan,3.5,2,https://www.google.com/maps/place/Ghousia+Bakery+%28+%D8%BA%D9%88%D8%AB%DB%8C%DB%81+%D8%A8%DB%8C%DA%A9%D8%B1%DB%8C+%29%E2%80%AD/data=!4m7!3m6!1s0x3eb33f0014a5ee75:0xee6a8781de6f5464!8m2!3d24.8655294!4d67.0099875!16s%2Fg%2F11nb9212jy!19sChIJde6lFAA_sz4RZFRv3oGHau4?authuser=0&hl=en&rclk=1,,bakery,2026-08-18T19:16:25+00:00,0x3eb33f0014a5ee75:0xee6a8781de6f5464
Ghulam Nabi New Bakery,Bakery,,,Shah Waliullah Rd,"Karachi, Pakistan",Pakistan,5.0,3,https://www.google.com/maps/place/Ghulam+Nabi+New+Bakery/data=!4m7!3m6!1s0x3eb315d23c6c43b9:0x565a7e15e6972177!8m2!3d24.8598069!4d66.9912598!16s%2Fg%2F11h51ybfhh!19sChIJuUNsPNIVsz4RdyGX5hV-WlY?authuser=0&hl=en&rclk=1,,bakery,2026-08-18T19:16:25+00:00,0x3eb315d23c6c43b9:0x565a7e15e6972177
Golden Bakery,Bakery,,,Pirovariya Street Near Usman Ghani Masjid Kamil Street Sarafa Bazar,"Karachi, Pakistan",Pakistan,,,https://www.google.com/maps/place/Golden+Bakery/data=!4m7!3m6!1s0x3eb33febf89d1c9b:0x8f839f3e755a7116!8m2!3d24.8565591!4d66.9999793!16s%2Fg%2F11vqrqd7g0!19sChIJmxyd-Os_sz4RFnFadT6fg48?authuser=0&hl=en&rclk=1,,bakery,2026-08-18T19:16:25+00:00,0x3eb33febf89d1c9b:0x8f839f3e755a7116
Grand Bakery,"Rs 1–1,000",,,Noor Elahi St,"Karachi, Pakistan",Pakistan,4.5,32,https://www.google.com/maps/place/Grand+Bakery/data=!4m7!3m6!1s0x3eb33e1fd486cca1:0x48dca6612c5750cb!8m2!3d24.8644742!4d66.9991494!16s%2Fg%2F1ptvt2psl!19sChIJocyG1B8-sz4Ry1BXLGGm3Eg?authuser=0&hl=en&rclk=1,,bakery,2026-08-18T19:16:25+00:00,0x3eb33e1fd486cca1:0x48dca6612c5750cb
Gulbahar bakery,Bakery,,,"V226+X82, Outram Rd","Karachi, Pakistan",Pakistan,4.2,18,https://www.google.com/maps/place/Gulbahar+bakery/data=!4m7!3m6!1s0x3eb33fec72eb01ef:0x7b65e5e43818450a!8m2!3d24.8523763!4d67.0107507!16s%2Fg%2F11v0159zd2!19sChIJ7wHrcuw_sz4RCkUYOOTlZXs?authuser=0&hl=en&rclk=1,,bakery,2026-08-18T19:16:25+00:00,0x3eb33fec72eb01ef:0x7b65e5e43818450a
Habib Sweets And Bakery۔ حبیب سوئیٹس اینڈ بیکری,Bakery,,,Reopens 7 AM,"Karachi, Pakistan",Pakistan,3.9,61,https://www.google.com/maps/place/Habib+Sweets+And+Bakery%DB%94+%D8%AD%D8%A8%DB%8C%D8%A8+%D8%B3%D9%88%D8%A6%DB%8C%D9%B9%D8%B3+%D8%A7%DB%8C%D9%86%DA%88+%D8%A8%DB%8C%DA%A9%D8%B1%DB%8C%E2%80%AD/data=!4m7!3m6!1s0x3eb315f75815d221:0xdf492f56e3d79b8a!8m2!3d24.8551614!4d66.9935632!16s%2Fg%2F11gd1vcdvc!19sChIJIdIVWPcVsz4RipvX41YvSd8?authuser=0&hl=en&rclk=1,,bakery,2026-08-18T19:16:25+00:00,0x3eb315f75815d221:0xdf492f56e3d79b8a
Hamsheri bakery,Bakery,,,"Platinum, Paria St","Karachi, Pakistan",Pakistan,5.0,1,https://www.google.com/maps/place/Hamsheri+bakery/data=!4m7!3m6!1s0x3eb3154493988101:0x267f4f4b03c443fd!8m2!3d24.8523956!4d66.9956127!16s%2Fg%2F11k3tp011x!19sChIJAYGYk0QVsz4R_UPEA0tPfyY?authuser=0&hl=en&rclk=1,,bakery,2026-08-18T19:16:25+00:00,0x3eb3154493988101:0x267f4f4b03c443fd
Haris Bakery,General store,,,"VX8X+4VQ, School Rd","Karachi, Pakistan",Pakistan,4.0,2,https://www.google.com/maps/place/Haris+Bakery/data=!4m7!3m6!1s0x3eb33f38a0da848b:0xd16c6dd90ea2ce98!8m2!3d24.8653471!4d66.9997313!16s%2Fg%2F11pb_pdlyt!19sChIJi4TaoDg_sz4RmM6iDtltbNE?authuser=0&hl=en&rclk=1,,bakery,2026-08-18T19:16:25+00:00,0x3eb33f38a0da848b:0xd16c6dd90ea2ce98
Harris Bakery and Nimco,Bakery,,,"Garden, Orange street,Aramsiwara","Karachi, Pakistan",Pakistan,4.5,8,https://www.google.com/maps/place/Harris+Bakery+and+Nimco/data=!4m7!3m6!1s0x3eb33f4606098c7d:0x95b15da20c4cb3ac!8m2!3d24.8700953!4d67.0137838!16s%2Fg%2F11k4w6tscj!19sChIJfYwJBkY_sz4RrLNMDKJdsZU?authuser=0&hl=en&rclk=1,,bakery,2026-08-18T19:16:25+00:00,0x3eb33f4606098c7d:0x95b15da20c4cb3ac
Hashmi Bakery,"Rs 1–1,000",,,"Plot 54, Hashmi Bakery, Sector B, Street 5 Ahmed Raza Khan Rd","Karachi, Pakistan",Pakistan,4.1,226,https://www.google.com/maps/place/Hashmi+Bakery/data=!4m7!3m6!1s0x3eb33de762a28be3:0x754943b7ad4f2f8b!8m2!3d24.8408299!4d67.0226855!16s%2Fg%2F11c1mz3yg9!19sChIJ44uiYuc9sz4Riy9PrbdDSXU?authuser=0&hl=en&rclk=1,,bakery,2026-08-18T19:16:25+00:00,0x3eb33de762a28be3:0x754943b7ad4f2f8b
Hassan bakery jinhabad num 2,Bakery,,,"Jinhabad no 2, eye Spencer Lee market","Karachi, Pakistan",Pakistan,,,https://www.google.com/maps/place/Hassan+bakery+jinhabad+num+2/data=!4m7!3m6!1s0x3eb33f0035192411:0x2675724a10c8d1cb!8m2!3d24.8647311!4d67.0047306!16s%2Fg%2F11ym1h81m0!19sChIJESQZNQA_sz4Ry9HIEEpydSY?authuser=0&hl=en&rclk=1,,bakery,2026-08-18T19:16:25+00:00,0x3eb33f0035192411:0x2675724a10c8d1cb
Hobnob | Clifton Block 8,"Rs 2,000–3,000",,,Khaliq-uz-Zaman Rd,"Karachi, Pakistan",Pakistan,3.9,20,https://www.google.com/maps/place/Hobnob+%7C+Clifton+Block+8/data=!4m7!3m6!1s0x3eb33decf1855d75:0xa8cbbeaf0f8a05f7!8m2!3d24.8339828!4d67.0380304!16s%2Fg%2F11ssv903x1!19sChIJdV2F8ew9sz4R9wWKD6--y6g?authuser=0&hl=en&rclk=1,,bakery,2026-08-18T19:16:25+00:00,0x3eb33decf1855d75:0xa8cbbeaf0f8a05f7
Ibrahim Bakery,Bakery,,,"VX5X+5RJ, Qazi A. Aziz St","Karachi, Pakistan",Pakistan,,,https://www.google.com/maps/place/Ibrahim+Bakery/data=!4m7!3m6!1s0x3eb33f00715a508b:0xab8105edf58736d4!8m2!3d24.8579587!4d66.9995266!16s%2Fg%2F11yxt6jvd_!19sChIJi1BacQA_sz4R1DaH9e0Fgas?authuser=0&hl=en&rclk=1,,bakery,2026-08-18T19:16:25+00:00,0x3eb33f00715a508b:0xab8105edf58736d4
Ideal Bakery۔ آئیڈیل بیکری,"Rs 1,000–2,000",,,"Shop #8,9 national square Main Kheyaban-e-Jami, Road","Karachi, Pakistan",Pakistan,4.0,425,https://www.google.com/maps/place/Ideal+Bakery%DB%94+%D8%A2%D8%A6%DB%8C%DA%88%DB%8C%D9%84+%D8%A8%DB%8C%DA%A9%D8%B1%DB%8C%E2%80%AD/data=!4m7!3m6!1s0x3eb33db59dff238d:0x9e8b82a6421c1304!8m2!3d24.8287369!4d67.0429809!16s%2Fg%2F11h0blq6t!19sChIJjSP_nbU9sz4RBBMcQqaCi54?authuser=0&hl=en&rclk=1,,bakery,2026-08-18T19:16:25+00:00,0x3eb33db59dff238d:0x9e8b82a6421c1304
Imalda's Bakery & Foods,Bakery,,,Mir Karam Ali Talpur Rd,"Karachi, Pakistan",Pakistan,,,https://www.google.com/maps/place/Imalda%27s+Bakery+%26+Foods/data=!4m7!3m6!1s0x3eb33fbc43802f0b:0x4d771e44ee5a4070!8m2!3d24.8592787!4d67.0314713!16s%2Fg%2F11ns4ymwmv!19sChIJCy-AQ7w_sz4RcEBa7kQed00?authuser=0&hl=en&rclk=1,,bakery,2026-08-18T19:16:25+00:00,0x3eb33fbc43802f0b:0x4d771e44ee5a4070
Inayat Bakery,Bakery,,,"VX5W+4R4, Miran Pir St","Karachi, Pakistan",Pakistan,4.0,1,https://www.google.com/maps/place/Inayat+Bakery/data=!4m7!3m6!1s0x3eb3150066d5199d:0xc01b617ba16427de!8m2!3d24.8577828!4d66.9971381!16s%2Fg%2F11lcp12_xc!19sChIJnRnVZgAVsz4R3idkoXthG8A?authuser=0&hl=en&rclk=1,,bakery,2026-08-18T19:16:25+00:00,0x3eb3150066d5199d:0xc01b617ba16427de
J BAKERY,General store,,,VX5R+78F,"Karachi, Pakistan",Pakistan,,,https://www.google.com/maps/place/J+BAKERY/data=!4m7!3m6!1s0x3eb315001b456b7f:0x8392a36d0db3092c!8m2!3d24.8583556!4d66.990914!16s%2Fg%2F11lv22v7qw!19sChIJf2tFGwAVsz4RLAmzDW2jkoM?authuser=0&hl=en&rclk=1,,bakery,2026-08-18T19:16:25+00:00,0x3eb315001b456b7f:0x8392a36d0db3092c
JC Misquita Bakery,"Rs 1–1,000",,,Cutchi Memon St. No. 3,"Karachi, Pakistan",Pakistan,4.2,430,https://www.google.com/maps/place/JC+Misquita+Bakery/data=!4m7!3m6!1s0x3eb33e6fd603748b:0xb98d7fb02c59ad82!8m2!3d24.8612064!4d67.0320095!16s%2Fg%2F11g72c9sqd!19sChIJi3QD1m8-sz4Rgq1ZLLB_jbk?authuser=0&hl=en&rclk=1,,bakery,2026-08-18T19:16:25+00:00,0x3eb33e6fd603748b:0xb98d7fb02c59ad82
Jalal Bakery,"Rs 1–1,000",,,Reopens 7 AM,"Karachi, Pakistan",Pakistan,4.1,375,https://www.google.com/maps/place/Jalal+Bakery/data=!4m7!3m6!1s0x3eb33dc4f2994ed7:0x37a08224f5012fee!8m2!3d24.8318736!4d67.0433522!16s%2Fg%2F11jdnppkbn!19sChIJ106Z8sQ9sz4R7i8B9SSCoDc?authuser=0&hl=en&rclk=1,,bakery,2026-08-18T19:16:25+00:00,0x3eb33dc4f2994ed7:0x37a08224f5012fee
Jannat Bakery,"Rs 1–1,000",,,Reopens 6 AM,"Karachi, Pakistan",Pakistan,4.0,134,https://www.google.com/maps/place/Jannat+Bakery/data=!4m7!3m6!1s0x3eb33e62260ed45f:0x2b05a6e51097448f!8m2!3d24.8684684!4d67.0443837!16s%2Fg%2F11c4cbvd7z!19sChIJX9QOJmI-sz4Rj0SXEOWmBSs?authuser=0&hl=en&rclk=1,,bakery,2026-08-18T19:16:25+00:00,0x3eb33e62260ed45f:0x2b05a6e51097448f
Jawaid Bhai Bakery,Bakery,,,"VX3R+M8P, Madina Masjid Rd","Karachi, Pakistan",Pakistan,5.0,1,https://www.google.com/maps/place/Jawaid+Bhai+Bakery/data=!4m7!3m6!1s0x3eb315005e4fa993:0x6f81fe73120447a1!8m2!3d24.8542132!4d66.9908803!16s%2Fg%2F11njjdlv8h!19sChIJk6lPXgAVsz4RoUcEEnP-gW8?authuser=0&hl=en&rclk=1,,bakery,2026-08-18T19:16:25+00:00,0x3eb315005e4fa993:0x6f81fe73120447a1
Kababjees Bakers Kharadar,"Rs 1–5,000",,,"VX2W+F9W, GK 2/30 Paria St","Karachi, Pakistan",Pakistan,4.2,103,https://www.google.com/maps/place/Kababjees+Bakers+Kharadar/data=!4m7!3m6!1s0x3eb315c743bf8305:0x436426777fc7edb7!8m2!3d24.8511816!4d66.9959681!16s%2Fg%2F11txnpf97_!19sChIJBYO_Q8cVsz4Rt-3Hf3cmZEM?authuser=0&hl=en&rclk=1,,bakery,2026-08-18T19:16:25+00:00,0x3eb315c743bf8305:0x436426777fc7edb7
Karachi Bakery,Bakery,,,V262+7FR,"Karachi, Pakistan",Pakistan,4.0,264,https://www.google.com/maps/place/Karachi+Bakery/data=!4m7!3m6!1s0x3eb339908d6ad4cf:0x7b2675a85f420c18!8m2!3d24.8607343!4d67.0011364!16s%2Fg%2F11g65gg647!19sChIJz9RqjZA5sz4RGAxCX6h1Jns?authuser=0&hl=en&rclk=1,,bakery,2026-08-18T19:16:25+00:00,0x3eb339908d6ad4cf:0x7b2675a85f420c18
Kareem bakery,Bakery,,,Plot no 474 wahedabad,"Karachi, Pakistan",Pakistan,,,https://www.google.com/maps/place/Kareem+bakery/data=!4m7!3m6!1s0x3eb33f000d984f6f:0x1ebe8254b354a88f!8m2!3d24.8607343!4d67.0011364!16s%2Fg%2F11z7jznvny!19sChIJb0-YDQA_sz4Rj6hUs1SCvh4?authuser=0&hl=en&rclk=1,,bakery,2026-08-18T19:16:25+00:00,0x3eb33f000d984f6f:0x1ebe8254b354a88f
Kauser Bakery,Bakery,,,"OT- 9, 198 kazhazi bazar, near kauser baba mazar","Karachi, Pakistan",Pakistan,4.9,14,https://www.google.com/maps/place/Kauser+Bakery/data=!4m7!3m6!1s0x3eb33fbedce33023:0x38e1c67242dd9b4c!8m2!3d24.8534171!4d66.9996187!16s%2Fg%2F11g4jddhj3!19sChIJIzDj3L4_sz4RTJvdQnLG4Tg?authuser=0&hl=en&rclk=1,,bakery,2026-08-18T19:16:25+00:00,0x3eb33fbedce33023:0x38e1c67242dd9b4c
Khairabad Bakery,Bakery,,,Sector 10,"Karachi, Pakistan",Pakistan,3.8,70,https://www.google.com/maps/place/Khairabad+Bakery/data=!4m7!3m6!1s0x3eb33e1dcfa381db:0x2f5e2ce5bab479e!8m2!3d24.8607239!4d67.0010354!16s%2Fg%2F11g8w87mvs!19sChIJ24Gjzx0-sz4RnkerW87i9QI?authuser=0&hl=en&rclk=1,,bakery,2026-08-18T19:16:25+00:00,0x3eb33e1dcfa381db:0x2f5e2ce5bab479e
Khayyam Bakery ۔ خیام بیکری,"Rs 1–1,000",,,"Plot no 1235, Atmaram Pritamdas Rd","Karachi, Pakistan",Pakistan,4.2,172,https://www.google.com/maps/place/Khayyam+Bakery+%DB%94+%D8%AE%DB%8C%D8%A7%D9%85+%D8%A8%DB%8C%DA%A9%D8%B1%DB%8C%E2%80%AD/data=!4m7!3m6!1s0x3eb315926476d3dd:0x142d40c81e5b819a!8m2!3d24.8683538!4d66.9881353!16s%2Fg%2F11h394ythj!19sChIJ3dN2ZJIVsz4RmoFbHshALRQ?authuser=0&hl=en&rclk=1,,bakery,2026-08-18T19:16:25+00:00,0x3eb315926476d3dd:0x142d40c81e5b819a
Kitchen Dunya (Commercial Kitchen and Bakery Equipment),Kitchen supply store,,,"Showroom # 4002, The Central Mall, Qtr, Marston Rd","Karachi, Pakistan",Pakistan,4.9,362,https://www.google.com/maps/place/Kitchen+Dunya+%28Commercial+Kitchen+and+Bakery+Equipment%29/data=!4m7!3m6!1s0x3eb33e135862f123:0x26929f61c46ffcb6!8m2!3d24.86513!4d67.0217621!16s%2Fg%2F11hbph8bc0!19sChIJI_FiWBM-sz4RtvxvxGGfkiY?authuser=0&hl=en&rclk=1,,bakery,2026-08-18T19:16:25+00:00,0x3eb33e135862f123:0x26929f61c46ffcb6
Kohynoor bakery,Bakery,,,"VX7Q+9Q6 Niazi Chowk, Shaikh Abdul Rasheed Rd","Karachi, Pakistan",Pakistan,3.0,2,https://www.google.com/maps/place/Kohynoor+bakery/data=!4m7!3m6!1s0x3eb315e2e8a63de9:0x76658bc340989b8c!8m2!3d24.8634051!4d66.9893789!16s%2Fg%2F11sdwzmnyr!19sChIJ6T2m6OIVsz4RjJuYQMOLZXY?authuser=0&hl=en&rclk=1,,bakery,2026-08-18T19:16:25+00:00,0x3eb315e2e8a63de9:0x76658bc340989b8c
Loterakhan bakery,Bakery,,,VX4Q+FWC,"Karachi, Pakistan",Pakistan,,,https://www.google.com/maps/place/Loterakhan+bakery/data=!4m7!3m6!1s0x3eb315003e17bf5b:0xd1e6b733c4441610!8m2!3d24.8562025!4d66.9900991!16s%2Fg%2F11yqsshtsn!19sChIJW78XPgAVsz4REBZExDO35tE?authuser=0&hl=en&rclk=1,,bakery,2026-08-18T19:16:25+00:00,0x3eb315003e17bf5b:0xd1e6b733c4441610
Maaz Bakery۔ معاذبیکری,Bakery,,,"VX8V+8FM, Slaughter Yard Rd","Karachi, Pakistan",Pakistan,3.0,3,https://www.google.com/maps/place/Maaz+Bakery%DB%94+%D9%85%D8%B9%D8%A7%D8%B0%D8%A8%DB%8C%DA%A9%D8%B1%DB%8C%E2%80%AD/data=!4m7!3m6!1s0x3eb3150846bca031:0xc78abcd79b24023c!8m2!3d24.8658254!4d66.9936738!16s%2Fg%2F11rsqw8941!19sChIJMaC8RggVsz4RPAIkm9e8isc?authuser=0&hl=en&rclk=1,,bakery,2026-08-18T19:16:25+00:00,0x3eb3150846bca031:0xc78abcd79b24023c
Madina Bakery,Bakery,,,Reopens 7 AM,"Karachi, Pakistan",Pakistan,3.6,7,https://www.google.com/maps/place/Madina+Bakery/data=!4m7!3m6!1s0x3eb33e1c6d4c894f:0x102cffbc86afcb94!8m2!3d24.8609211!4d67.0039302!16s%2Fg%2F11dxjvjb14!19sChIJT4lMbRw-sz4RlMuvhrz_LBA?authuser=0&hl=en&rclk=1,,bakery,2026-08-18T19:16:25+00:00,0x3eb33e1c6d4c894f:0x102cffbc86afcb94
Madina Masjid Bakery & Diary,Bakery,,,V27Q+CPG,"Karachi, Pakistan",Pakistan,5.0,1,https://www.google.com/maps/place/Madina+Masjid+Bakery+%26+Diary/data=!4m7!3m6!1s0x3eb33f0043903c95:0xd8a72c909ce6f6ea!8m2!3d24.8635771!4d67.039287!16s%2Fg%2F11x13kzy1q!19sChIJlTyQQwA_sz4R6vbmnJAsp9g?authuser=0&hl=en&rclk=1,,bakery,2026-08-18T19:16:25+00:00,0x3eb33f0043903c95:0xd8a72c909ce6f6ea
Madina bakery,"Rs 1–1,000",,,Bakery,"Karachi, Pakistan",Pakistan,4.1,234,https://www.google.com/maps/place/Madina+bakery/data=!4m7!3m6!1s0x3eb33eea5b43a869:0x95535649dbcdd675!8m2!3d24.8602713!4d67.0304766!16s%2Fg%2F1tg5y2_v!19sChIJaahDW-o-sz4RddbN20lWU5U?authuser=0&hl=en&rclk=1,,bakery,2026-08-18T19:16:25+00:00,0x3eb33eea5b43a869:0x95535649dbcdd675
Madina bakery,Grocery store,,,34 MH Gazder Rd,"Karachi, Pakistan",Pakistan,,,https://www.google.com/maps/place/Madina+bakery/data=!4m7!3m6!1s0x3eb33f0027130ed7:0xf9170f05d17e15f4!8m2!3d24.8547847!4d67.0165044!16s%2Fg%2F11zgmcdvhj!19sChIJ1w4TJwA_sz4R9BV-0QUPF_k?authuser=0&hl=en&rclk=1,,bakery,2026-08-18T19:16:25+00:00,0x3eb33f0027130ed7:0xf9170f05d17e15f4
Makki Bakery,Bakery,,,VX5X+323,"Karachi, Pakistan",Pakistan,5.0,1,https://www.google.com/maps/place/Makki+Bakery/data=!4m7!3m6!1s0x3eb31557c3c9b9a3:0xd45e455b479f8a3c!8m2!3d24.857649!4d66.9975559!16s%2Fg%2F11f6mj6xz8!19sChIJo7nJw1cVsz4RPIqfR1tFXtQ?authuser=0&hl=en&rclk=1,,bakery,2026-08-18T19:16:25+00:00,0x3eb31557c3c9b9a3:0xd45e455b479f8a3c
Malik Bakery ملک بیکری,"Rs 1–1,000",,,V255+V9P,"Karachi, Pakistan",Pakistan,4.1,459,https://www.google.com/maps/place/Malik+Bakery+%D9%85%D9%84%DA%A9+%D8%A8%DB%8C%DA%A9%D8%B1%DB%8C%E2%80%AD/data=!4m7!3m6!1s0x3eb33e1afa874793:0x6c649e9c79047117!8m2!3d24.8597229!4d67.0084554!16s%2Fg%2F1tp25rpv!19sChIJk0eH-ho-sz4RF3EEeZyeZGw?authuser=0&hl=en&rclk=1,,bakery,2026-08-18T19:16:25+00:00,0x3eb33e1afa874793:0x6c649e9c79047117
Marhaba Bakery,Bakery,,,"VX6X+26F, Mir Mohammad Baloch Rd","Karachi, Pakistan",Pakistan,4.1,12,https://www.google.com/maps/place/Marhaba+Bakery/data=!4m7!3m6!1s0x3eb315c280becf69:0xdae6f1b93a3f12d7!8m2!3d24.8600561!4d66.998042!16s%2Fg%2F11ndvn3tv6!19sChIJac--gMIVsz4R1xI_Ornx5to?authuser=0&hl=en&rclk=1,,bakery,2026-08-18T19:16:25+00:00,0x3eb315c280becf69:0xdae6f1b93a3f12d7
MashAallah Bakery,General store,,,"Asslam road, near Eidgah Masjid","Karachi, Pakistan",Pakistan,,,https://www.google.com/maps/place/MashAallah+Bakery/data=!4m7!3m6!1s0x3eb33fff3ae7b35f:0x228a9b8e311076a7!8m2!3d24.8659469!4d67.0009419!16s%2Fg%2F11ry77zct1!19sChIJX7PnOv8_sz4Rp3YQMY6biiI?authuser=0&hl=en&rclk=1,,bakery,2026-08-18T19:16:25+00:00,0x3eb33fff3ae7b35f:0x228a9b8e311076a7
Mashallah bakery,Bakery,,,VX5R+8WJ,"Karachi, Pakistan",Pakistan,4.5,2,https://www.google.com/maps/place/Mashallah+bakery/data=!4m7!3m6!1s0x3eb315011510e673:0xde3017400222223b!8m2!3d24.8583892!4d66.9920457!16s%2Fg%2F11kjpr833v!19sChIJc-YQFQEVsz4ROyIiAkAXMN4?authuser=0&hl=en&rclk=1,,bakery,2026-08-18T19:16:25+00:00,0x3eb315011510e673:0xde3017400222223b
Mashallah bakery,Bakery,,,"VX3R+MQ2, Madina Masjid Rd","Karachi, Pakistan",Pakistan,,,https://www.google.com/maps/place/Mashallah+bakery/data=!4m7!3m6!1s0x3eb315000018a313:0x8c2353889320490c!8m2!3d24.854189!4d66.9919331!16s%2Fg%2F11ntnrfvvd!19sChIJE6MYAAAVsz4RDEkgk4hTI4w?authuser=0&hl=en&rclk=1,,bakery,2026-08-18T19:16:25+00:00,0x3eb315000018a313:0x8c2353889320490c
Mehran Bakery Kharadar,"Rs 1–1,000",,,"VX2W+R98, Moosa St","Karachi, Pakistan",Pakistan,4.0,509,https://www.google.com/maps/place/Mehran+Bakery+Kharadar/data=!4m7!3m6!1s0x3eb315f90587168b:0x1d1af32efc0b0813!8m2!3d24.8520483!4d66.9959626!16s%2Fg%2F11c1hh6l_2!19sChIJixaHBfkVsz4REwgL_C7zGh0?authuser=0&hl=en&rclk=1,,bakery,2026-08-18T19:16:25+00:00,0x3eb315f90587168b:0x1d1af32efc0b0813
Midway Bakery,"Rs 1–1,000",,,Plot R 990,"Karachi, Pakistan",Pakistan,4.0,235,https://www.google.com/maps/place/Midway+Bakery/data=!4m7!3m6!1s0x3eb33f5c6b4e455d:0x76d8b0b8834ba9af!8m2!3d24.8607343!4d67.0011364!16s%2Fg%2F11c37kql51!19sChIJXUVOa1w_sz4Rr6lLg7iw2HY?authuser=0&hl=en&rclk=1,,bakery,2026-08-18T19:16:25+00:00,0x3eb33f5c6b4e455d:0x76d8b0b8834ba9af
Mother Care Bakery,"Rs 1–1,000",,,"V2C7+HXV, Orange Street","Karachi, Pakistan",Pakistan,4.1,221,https://www.google.com/maps/place/Mother+Care+Bakery/data=!4m7!3m6!1s0x3eb33e3db968f339:0x556f93515e94c371!8m2!3d24.8714858!4d67.0149211!16s%2Fg%2F1hc3w0_1p!19sChIJOfNouT0-sz4RccOUXlGTb1U?authuser=0&hl=en&rclk=1,,bakery,2026-08-18T19:16:25+00:00,0x3eb33e3db968f339:0x556f93515e94c371
NEW DISCO BAKERY,"Rs 1–1,000",,,Reopens 7 AM,"Karachi, Pakistan",Pakistan,4.4,76,https://www.google.com/maps/place/NEW+DISCO+BAKERY/data=!4m7!3m6!1s0x3eb33f09169a0527:0x47c790bc3030aea2!8m2!3d24.8592514!4d67.0077778!16s%2Fg%2F11tjx6_hk0!19sChIJJwWaFgk_sz4Roq4wMLyQx0c?authuser=0&hl=en&rclk=1,,bakery,2026-08-18T19:16:25+00:00,0x3eb33f09169a0527:0x47c790bc3030aea2
Nargis Bakery نرگس بیکری,Bakery,,,near Bukhari Masjid,"Karachi, Pakistan",Pakistan,4.6,48,https://www.google.com/maps/place/Nargis+Bakery+%D9%86%D8%B1%DA%AF%D8%B3+%D8%A8%DB%8C%DA%A9%D8%B1%DB%8C%E2%80%AD/data=!4m7!3m6!1s0x3eb3157ee220a801:0x1ad76cd30aa91523!8m2!3d24.8516578!4d66.9963803!16s%2Fg%2F11h6m4s4dp!19sChIJAagg4n4Vsz4RIxWpCtNs1xo?authuser=0&hl=en&rclk=1,,bakery,2026-08-18T19:16:25+00:00,0x3eb3157ee220a801:0x1ad76cd30aa91523
Nasir JuTT Bakery,Bakery,,,V262+7FR,"Karachi, Pakistan",Pakistan,5.0,1,https://www.google.com/maps/place/Nasir+JuTT+Bakery/data=!4m7!3m6!1s0x3eb33f0024213029:0x2af30f6b8b046751!8m2!3d24.8607343!4d67.0011364!16s%2Fg%2F11nqqwhqxc!19sChIJKTAhJAA_sz4RUWcEi2sP8yo?authuser=0&hl=en&rclk=1,,bakery,2026-08-18T19:16:25+00:00,0x3eb33f0024213029:0x2af30f6b8b046751
New Blue Ribbon Bakery,Bakery,,,"R2VQ+8GX, Dr Daud Pota Rd","Karachi, Pakistan",Pakistan,3.4,10,https://www.google.com/maps/place/New+Blue+Ribbon+Bakery/data=!4m7!3m6!1s0x3eb33dd11296a8ab:0x5fb2f1e44fed1268!8m2!3d24.8433742!4d67.0388687!16s%2Fg%2F1hdz8syyh!19sChIJq6iWEtE9sz4RaBLtT-Txsl8?authuser=0&hl=en&rclk=1,,bakery,2026-08-18T19:16:25+00:00,0x3eb33dd11296a8ab:0x5fb2f1e44fed1268
New Crispo Bakery,"Rs 1–1,000",,,Kheyaban-e-Iqbal Rd,"Karachi, Pakistan",Pakistan,4.2,650,https://www.google.com/maps/place/New+Crispo+Bakery/data=!4m7!3m6!1s0x3eb33dc5405ed0ff:0xb5f0984bf9f7d5c!8m2!3d24.8377481!4d67.0332118!16s%2Fg%2F1tfn16b_!19sChIJ_9BeQMU9sz4RXH2fv4QJXws?authuser=0&hl=en&rclk=1,,bakery,2026-08-18T19:16:25+00:00,0x3eb33dc5405ed0ff:0xb5f0984bf9f7d5c
Persian Bakery,Bakery,,,"V26G+5RV, Preedy St, Saddar Town, Karachi, Sindh","Karachi, Pakistan",Pakistan,4.4,11,https://www.google.com/maps/place/Persian+Bakery/data=!4m7!3m6!1s0x3eb33e6d8aa476b7:0x7990985ba7abd5bd!8m2!3d24.8604926!4d67.0270528!16s%2Fg%2F11xklh846!19sChIJt3akim0-sz4RvdWrp1uYkHk?authuser=0&hl=en&rclk=1,,bakery,2026-08-18T19:16:25+00:00,0x3eb33e6d8aa476b7:0x7990985ba7abd5bd
Pie in the sky bakery,Bakery,,,"R2X5+W4M, I.I Chundrigar Rd","Karachi, Pakistan",Pakistan,,,https://www.google.com/maps/place/Pie+in+the+sky+bakery/data=!4m7!3m6!1s0x3eb33f0024f748c1:0x7d4b3bb7523d0744!8m2!3d24.8498435!4d67.0077814!16s%2Fg%2F11zcsqwfrn!19sChIJwUj3JAA_sz4RRAc9Urc7S30?authuser=0&hl=en&rclk=1,,bakery,2026-08-18T19:16:25+00:00,0x3eb33f0024f748c1:0x7d4b3bb7523d0744
Punjab Bakery & Milk Shop,Bakery,,,V27R+G5G,"Karachi, Pakistan",Pakistan,5.0,1,https://www.google.com/maps/place/Punjab+Bakery+%26+Milk+Shop/data=!4m7!3m6!1s0x3eb33fe4031067f9:0x1b98d767f827ae6c!8m2!3d24.8638117!4d67.0404605!16s%2Fg%2F11frnv1ww0!19sChIJ-WcQA-Q_sz4RbK4n-GfXmBs?authuser=0&hl=en&rclk=1,,bakery,2026-08-18T19:16:25+00:00,0x3eb33fe4031067f9:0x1b98d767f827ae6c
Qismat Bakery (Saith Walayat Khan Late),Bakery,,,VX5Q+QHR,"Karachi, Pakistan",Pakistan,4.8,4,https://www.google.com/maps/place/Qismat+Bakery+%28Saith+Walayat+Khan+Late%29/data=!4m7!3m6!1s0x3eb315c680c316ab:0xd8c4dac528c2291!8m2!3d24.8601888!4d66.9887515!16s%2Fg%2F11rjv8vq18!19sChIJqxbDgMYVsz4RkSKMUqxNjA0?authuser=0&hl=en&rclk=1,,bakery,2026-08-18T19:16:25+00:00,0x3eb315c680c316ab:0xd8c4dac528c2291
Ramzani Bakery,Bakery,,,"V229+77H, I.I Chundrigar Rd","Karachi, Pakistan",Pakistan,3.6,7,https://www.google.com/maps/place/Ramzani+Bakery/data=!4m7!3m6!1s0x3eb33e0bb5465c03:0x5c80b76907b5796e!8m2!3d24.850699!4d67.0182284!16s%2Fg%2F11xc27rl0!19sChIJA1xGtQs-sz4Rbnm1B2m3gFw?authuser=0&hl=en&rclk=1,,bakery,2026-08-18T19:16:25+00:00,0x3eb33e0bb5465c03:0x5c80b76907b5796e
Riyaz Bakery,Bakery,,,VX4R+743,"Karachi, Pakistan",Pakistan,3.0,2,https://www.google.com/maps/place/Riyaz+Bakery/data=!4m7!3m6!1s0x3eb315953fe16c03:0x3cf72b47cde9ba9a!8m2!3d24.8556321!4d66.9902937!16s%2Fg%2F11nn0_gk93!19sChIJA2zhP5UVsz4RmrrpzUcr9zw?authuser=0&hl=en&rclk=1,,bakery,2026-08-18T19:16:25+00:00,0x3eb315953fe16c03:0x3cf72b47cde9ba9a
SAEED BAKERY,Bakery,,,VX6X+XQ5,"Karachi, Pakistan",Pakistan,4.1,41,https://www.google.com/maps/place/SAEED+BAKERY/data=!4m7!3m6!1s0x3eb33f012d772de3:0x179bc5ab1d79fd6a!8m2!3d24.8623912!4d66.9994844!16s%2Fg%2F11h12t1nly!19sChIJ4y13LQE_sz4Rav15HavFmxc?authuser=0&hl=en&rclk=1,,bakery,2026-08-18T19:16:25+00:00,0x3eb33f012d772de3:0x179bc5ab1d79fd6a
Sagir bakery,Bakery,,,VX7V+PHF,"Karachi, Pakistan",Pakistan,,,https://www.google.com/maps/place/Sagir+bakery/data=!4m7!3m6!1s0x3eb3156f37d3026f:0xae879551ae5149a4!8m2!3d24.8643248!4d66.9939104!16s%2Fg%2F11t4f5tm06!19sChIJbwLTN28Vsz4RpElRrlGVh64?authuser=0&hl=en&rclk=1,,bakery,2026-08-18T19:16:25+00:00,0x3eb3156f37d3026f:0xae879551ae5149a4
Seven STAR BAKERY,Bakery,,,"R2R7+6GF, Haji Camp Rd","Karachi, Pakistan",Pakistan,5.0,1,https://www.google.com/maps/place/Seven+STAR+BAKERY/data=!4m7!3m6!1s0x3eb33d001475a5ab:0x882ebad292559f57!8m2!3d24.840578!4d67.0138174!16s%2Fg%2F11vzcrjphb!19sChIJq6V1FAA9sz4RV59VktK6Log?authuser=0&hl=en&rclk=1,,bakery,2026-08-18T19:16:25+00:00,0x3eb33d001475a5ab:0x882ebad292559f57
Shabudin bakery (maska bun),Bakery,,,"V277+5C2, Hira Lal Rd","Karachi, Pakistan",Pakistan,5.0,3,https://www.google.com/maps/place/Shabudin+bakery+%28maska+bun%29/data=!4m7!3m6!1s0x3eb33f00671d2b71:0x593984d858a6fd20!8m2!3d24.8628887!4d67.0134788!16s%2Fg%2F11x70z_3vx!19sChIJcSsdZwA_sz4RIP2mWNiEOVk?authuser=0&hl=en&rclk=1,,bakery,2026-08-18T19:16:25+00:00,0x3eb33f00671d2b71:0x593984d858a6fd20
Star Bakery۔ اسٹار بیکری,Bakery,,,"VX4X+CRX, Unnamed Road","Karachi, Pakistan",Pakistan,4.7,11,https://www.google.com/maps/place/Star+Bakery%DB%94+%D8%A7%D8%B3%D9%B9%D8%A7%D8%B1+%D8%A8%DB%8C%DA%A9%D8%B1%DB%8C%E2%80%AD/data=!4m7!3m6!1s0x3eb33ff1d29b1ae5:0x6d9257bedf85585c!8m2!3d24.8561248!4d66.9995988!16s%2Fg%2F11h4lwfpf8!19sChIJ5Rqb0vE_sz4RXFiF375Xkm0?authuser=0&hl=en&rclk=1,,bakery,2026-08-18T19:16:25+00:00,0x3eb33ff1d29b1ae5:0x6d9257bedf85585c
Suaad Sweets and Bakers,"Rs 1–4,000",,,Reopens 7 AM,"Karachi, Pakistan",Pakistan,4.1,381,https://www.google.com/maps/place/Suaad+Sweets+and+Bakers/data=!4m7!3m6!1s0x3eb3154bec2b6309:0x8ee476ed7808d129!8m2!3d24.8515417!4d66.9958698!16s%2Fg%2F11r1ry27p0!19sChIJCWMr7EsVsz4RKdEIeO125I4?authuser=0&hl=en&rclk=1,,bakery,2026-08-18T19:16:25+00:00,0x3eb3154bec2b6309:0x8ee476ed7808d129
Subhan Allah Bakery,Bakery,,,VX4W+H2G,"Karachi, Pakistan",Pakistan,2.8,4,https://www.google.com/maps/place/Subhan+Allah+Bakery/data=!4m7!3m6!1s0x3eb315765373feb9:0x38dd18441bcdf9fd!8m2!3d24.8564382!4d66.9950721!16s%2Fg%2F11f61g34x0!19sChIJuf5zU3YVsz4R_fnNG0QY3Tg?authuser=0&hl=en&rclk=1,,bakery,2026-08-18T19:16:25+00:00,0x3eb315765373feb9:0x38dd18441bcdf9fd
Sufiyan bakery,Bakery,,,"Water Pump, Flyover","Karachi, Pakistan",Pakistan,,,https://www.google.com/maps/place/Sufiyan+bakery/data=!4m7!3m6!1s0x3eb33f76a8082017:0xc13b013ed21b7ba7!8m2!3d24.8607343!4d67.0011364!16s%2Fg%2F11l6tqlv8z!19sChIJFyAIqHY_sz4Rp3sb0j4BO8E?authuser=0&hl=en&rclk=1,,bakery,2026-08-18T19:16:25+00:00,0x3eb33f76a8082017:0xc13b013ed21b7ba7
Super Awami Bakery And General Store,Bakery,,,"VX7W+9RQ, Abdul Malik Rd","Karachi, Pakistan",Pakistan,,,https://www.google.com/maps/place/Super+Awami+Bakery+And+General+Store/data=!4m7!3m6!1s0x3eb315005f83e3e1:0xcad773430a4e8e0e!8m2!3d24.863455!4d66.997095!16s%2Fg%2F11wtm5b5lb!19sChIJ4eODXwAVsz4RDo5OCkNz18o?authuser=0&hl=en&rclk=1,,bakery,2026-08-18T19:16:25+00:00,0x3eb315005f83e3e1:0xcad773430a4e8e0e
Super bakery,Bakery,,,Marston Rd,"Karachi, Pakistan",Pakistan,,,https://www.google.com/maps/place/Super+bakery/data=!4m7!3m6!1s0x3eb33fc614fe93f5:0xe9ac80ce6c82e13d!8m2!3d24.8645084!4d67.0214321!16s%2Fg%2F11rw6n5m9l!19sChIJ9ZP-FMY_sz4RPeGCbM6ArOk?authuser=0&hl=en&rclk=1,,bakery,2026-08-18T19:16:25+00:00,0x3eb33fc614fe93f5:0xe9ac80ce6c82e13d
Super shahzad bakery,Bakery,,,"VX8R+X4R Juna masjid ahmed, Ahmad Shah Bukhari Rd","Karachi, Pakistan",Pakistan,5.0,3,https://www.google.com/maps/place/Super+shahzad+bakery/data=!4m7!3m6!1s0x3eb3150044f50c97:0x584576a58f82b813!8m2!3d24.867489!4d66.990274!16s%2Fg%2F11x204y9h8!19sChIJlwz1RAAVsz4RE7iCj6V2RVg?authuser=0&hl=en&rclk=1,,bakery,2026-08-18T19:16:25+00:00,0x3eb3150044f50c97:0x584576a58f82b813
Tahir Bakery,"Rs 1–1,000",,,V2GM+C4G,"Karachi, Pakistan",Pakistan,4.2,170,https://www.google.com/maps/place/Tahir+Bakery/data=!4m7!3m6!1s0x3eb33e4319d18037:0x48ca19a0dcf45dfd!8m2!3d24.8760514!4d67.0328253!16s%2Fg%2F1tf7w5sj!19sChIJN4DRGUM-sz4R_V303KAZykg?authuser=0&hl=en&rclk=1,,bakery,2026-08-18T19:16:25+00:00,0x3eb33e4319d18037:0x48ca19a0dcf45dfd
The Crunch Bakery,Bakery,,,St. 1,"Karachi, Pakistan",Pakistan,4.8,15,https://www.google.com/maps/place/The+Crunch+Bakery/data=!4m7!3m6!1s0x3eb33f44663a613b:0x65a6fb272c16e4f!8m2!3d24.8607343!4d67.0011364!16s%2Fg%2F11h3qrmr6c!19sChIJO2E6ZkQ_sz4RT27BcrJvWgY?authuser=0&hl=en&rclk=1,,bakery,2026-08-18T19:16:25+00:00,0x3eb33f44663a613b:0x65a6fb272c16e4f
USAMA BAKERY,Bakery,,,"VX4Q+6JG Khadda Fishermen Road, 7th St, near Fidous Masjid","Karachi, Pakistan",Pakistan,4.8,4,https://www.google.com/maps/place/USAMA+BAKERY/data=!4m7!3m6!1s0x3eb315efcd8a6125:0x1e660775fedfb4cd!8m2!3d24.8555746!4d66.9890648!16s%2Fg%2F11s5yvqg3b!19sChIJJWGKze8Vsz4RzbTf_nUHZh4?authuser=0&hl=en&rclk=1,,bakery,2026-08-18T19:16:25+00:00,0x3eb315efcd8a6125:0x1e660775fedfb4cd
Umair Bakery,Bakery,,,V286+52R 8a,"Karachi, Pakistan",Pakistan,5.0,3,https://www.google.com/maps/place/Umair+Bakery/data=!4m7!3m6!1s0x3eb33ff06f8098d7:0x83a6ef44cbbbaf5d!8m2!3d24.865449!4d67.0100753!16s%2Fg%2F11fnb_2jly!19sChIJ15iAb_A_sz4RXa-7y0TvpoM?authuser=0&hl=en&rclk=1,,bakery,2026-08-18T19:16:25+00:00,0x3eb33ff06f8098d7:0x83a6ef44cbbbaf5d
United Bakery۔ یونائیٹیڈ بیکری,"Rs 1–1,000",,,V25J+P64,"Karachi, Pakistan",Pakistan,4.3,4473,https://www.google.com/maps/place/United+Bakery%DB%94+%DB%8C%D9%88%D9%86%D8%A7%D8%A6%DB%8C%D9%B9%DB%8C%DA%88+%D8%A8%DB%8C%DA%A9%D8%B1%DB%8C%E2%80%AD/data=!4m7!3m6!1s0x3eb33e71bbd85a4b:0x66bd01750db9e83a!8m2!3d24.8592749!4d67.0305807!16s%2Fg%2F1td0dzty!19sChIJS1rYu3E-sz4ROui5DXUBvWY?authuser=0&hl=en&rclk=1,,bakery,2026-08-18T19:16:25+00:00,0x3eb33e71bbd85a4b:0x66bd01750db9e83a
United King - Clifton,"Rs 1–6,000",,,G-30 Chartered Accountants Avenue,"Karachi, Pakistan",Pakistan,4.4,3216,https://www.google.com/maps/place/United+King+-+Clifton/data=!4m7!3m6!1s0x3eb33dcf48b95d81:0x369ae78ca0aaaa5e!8m2!3d24.8344973!4d67.0357874!16s%2Fg%2F11c1xdrx6z!19sChIJgV25SM89sz4RXqqqoIznmjY?authuser=0&hl=en&rclk=1,,bakery,2026-08-18T19:16:25+00:00,0x3eb33dcf48b95d81:0x369ae78ca0aaaa5e
Welcome Bakery,Bakery,,,VX4W+CHJ,"Karachi, Pakistan",Pakistan,4.3,27,https://www.google.com/maps/place/Welcome+Bakery/data=!4m7!3m6!1s0x3eb315f7851c107b:0xf19922f5c7ff2787!8m2!3d24.8560899!4d66.9964008!16s%2Fg%2F11g7z7q0q8!19sChIJexAchfcVsz4Rhyf_x_UimfE?authuser=0&hl=en&rclk=1,,bakery,2026-08-18T19:16:25+00:00,0x3eb315f7851c107b:0xf19922f5c7ff2787
YOUSUF BAKERY,Bakery,,,Reopens 6 AM,"Karachi, Pakistan",Pakistan,5.0,1,https://www.google.com/maps/place/YOUSUF+BAKERY/data=!4m7!3m6!1s0x3eb315b9b74b9ebf:0x30ad62f1bff10ca!8m2!3d24.8675188!4d66.9901007!16s%2Fg%2F11nxbxg0c9!19sChIJv55Lt7kVsz4RyhD_Gy_WCgM?authuser=0&hl=en&rclk=1,,bakery,2026-08-18T19:16:25+00:00,0x3eb315b9b74b9ebf:0x30ad62f1bff10ca
Younis bakery,Bakery,,,"VX4X+2F9, Embankment Rd","Karachi, Pakistan",Pakistan,,,https://www.google.com/maps/place/Younis+bakery/data=!4m7!3m6!1s0x3eb315fc6b5db711:0x6937d3ca6af1f8d2!8m2!3d24.8550476!4d66.9987313!16s%2Fg%2F11khslmnwf!19sChIJEbdda_wVsz4R0vjxasrTN2k?authuser=0&hl=en&rclk=1,,bakery,2026-08-18T19:16:25+00:00,0x3eb315fc6b5db711:0x6937d3ca6af1f8d2
Yousuf Bakery,Bakery,,,"V264+29W, Bam Bridge Rd","Karachi, Pakistan",Pakistan,4.1,172,https://www.google.com/maps/place/Yousuf+Bakery/data=!4m7!3m6!1s0x3eb33e1b9eb69ce3:0x17554966095ebd7c!8m2!3d24.8601194!4d67.0059557!16s%2Fg%2F11h9xvk1cn!19sChIJ45y2nhs-sz4RfL1eCWZJVRc?authuser=0&hl=en&rclk=1,,bakery,2026-08-18T19:16:25+00:00,0x3eb33e1b9eb69ce3:0x17554966095ebd7c
bismi Allah bakery,Store,,,VX3X+73R,"Karachi, Pakistan",Pakistan,4.4,10,https://www.google.com/maps/place/bismi+Allah+bakery/data=!4m7!3m6!1s0x3eb315f86147721f:0x12930e0af0b22c31!8m2!3d24.8532481!4d66.9976333!16s%2Fg%2F11bx0j_37l!19sChIJH3JHYfgVsz4RMSyy8AoOkxI?authuser=0&hl=en&rclk=1,,bakery,2026-08-18T19:16:25+00:00,0x3eb315f86147721f:0x12930e0af0b22c31
