Name,Category,Phone,Email,Address,City,Rating,Reviews,Maps URL,Email Source,Search Query,Scraped At,Place ID
3D Innovative Smile Dental Clinic,Dental clinic,+92 300 0854385,,"257, near Masjid Ya-Rasulallah, opposite Al-Razaq sheer Farosh","Lahore, Pakistan",5.0,12,https://www.google.com/maps/place/3D+Innovative+Smile+Dental+Clinic/data=!4m7!3m6!1s0x391903b77522f515:0xe610d67b1bc98f88!8m2!3d31.5534218!4d74.284218!16s%2Fg%2F11wmzy95z0!19sChIJFfUidbcDGTkRiI_JG3vWEOY?authuser=0&hl=en&rclk=1,,dentist,2026-08-18T14:38:44+00:00,0x391903b77522f515:0xe610d67b1bc98f88
AA Dental Smile,Dentist,+92 309 4851724,,"62, Sanda Rd","Lahore, Pakistan",4.9,,https://www.google.com/maps/place/AA+Dental+Smile/data=!4m7!3m6!1s0x39191dcd5ae5bfd7:0xb087559f63ce7e6d!8m2!3d31.5618615!4d74.3027444!16s%2Fg%2F11nr0yw0ny!19sChIJ17_lWs0dGTkRbX7OY59Vh7A?authuser=0&hl=en&rclk=1,,dentist,2026-08-18T14:38:13+00:00,0x39191dcd5ae5bfd7:0xb087559f63ce7e6d
AG DENTAL PRACTICE,Dental clinic,+92 333 4587120,,59 Sanda Rd,"Lahore, Pakistan",5.0,28,https://www.google.com/maps/place/AG+DENTAL+PRACTICE/data=!4m7!3m6!1s0x39191dc19d0b7dbb:0x6e164c526c52dfdb!8m2!3d31.5618256!4d74.3022343!16s%2Fg%2F11j_2kk136!19sChIJu30LncEdGTkR299SbFJMFm4?authuser=0&hl=en&rclk=1,,dentist,2026-08-18T14:38:44+00:00,0x39191dc19d0b7dbb:0x6e164c526c52dfdb
Abid Dental Surgery & Diagnostic Center,Dental clinic,+92 300 4495938,,"Qilla Muhammad’s, Street 45, Main Bazar, Ravi Rd","Lahore, Pakistan",4.3,4,https://www.google.com/maps/place/Abid+Dental+Surgery+%26+Diagnostic+Center/data=!4m7!3m6!1s0x39191d41e4962419:0xb6a024659cce6891!8m2!3d31.5948382!4d74.3045424!16s%2Fg%2F11j5_xh70m!19sChIJGSSW5EEdGTkRkWjOnGUkoLY?authuser=0&hl=en&rclk=1,,dentist,2026-08-18T14:39:00+00:00,0x39191d41e4962419:0xb6a024659cce6891
Ahmed Dental Clinic,Dentist,,,,"Lahore, Pakistan",5.0,2,https://www.google.com/maps/place/Ahmed+Dental+Clinic/data=!4m7!3m6!1s0x3919033e1dac65cf:0x76c9b70b7c6053d5!8m2!3d31.53337!4d74.28343!16s%2Fg%2F11xd6ptrt!19sChIJz2WsHT4DGTkR1VNgfAu3yXY?authuser=0&hl=en&rclk=1,,dentist,2026-08-18T14:38:45+00:00,0x3919033e1dac65cf:0x76c9b70b7c6053d5
Al Karim Poly Clinic,Hospital,+92 341 8674628,,"206-B,Libya road, Ravi Rd","Lahore, Pakistan",4.8,16,https://www.google.com/maps/place/Al+Karim+Poly+Clinic/data=!4m7!3m6!1s0x39191d8b973ac827:0x39bcd4a65bd599ed!8m2!3d31.5910556!4d74.3025526!16s%2Fg%2F11kfdmk_vc!19sChIJJ8g6l4sdGTkR7ZnVW6bUvDk?authuser=0&hl=en&rclk=1,,dentist,2026-08-18T14:39:30+00:00,0x39191d8b973ac827:0x39bcd4a65bd599ed
Ali Medical & Dental Center,Dental clinic,+92 335 3544440,,Airline Blvd,"Lahore, Pakistan",4.7,99,https://www.google.com/maps/place/Ali+Medical+%26+Dental+Center/data=!4m7!3m6!1s0x3919015fbb424dff:0x6268d33ca60f7458!8m2!3d31.4438915!4d74.2667922!16s%2Fg%2F11hzbw0lv6!19sChIJ_01Cu18BGTkRWHQPpjzTaGI?authuser=0&hl=en&rclk=1,,dentist,2026-08-18T14:39:30+00:00,0x3919015fbb424dff:0x6268d33ca60f7458
Alif Dental Care and Implant Centre,Dental clinic,+92 328 8949112,,"483 A, Revenue Housing Society, near Shadiwal Chowk","Lahore, Pakistan",4.8,22,https://www.google.com/maps/place/Alif+Dental+Care+and+Implant+Centre/data=!4m7!3m6!1s0x39190100110b24fd:0xda2142df7c6b0173!8m2!3d31.455511!4d74.2812959!16s%2Fg%2F11vwpf8v9v!19sChIJ_SQLEQABGTkRcwFrfN9CIdo?authuser=0&hl=en&rclk=1,,dentist,2026-08-18T14:39:30+00:00,0x39190100110b24fd:0xda2142df7c6b0173
Asif Clinic,Dentist,+92 324 4898322,,,"Lahore, Pakistan",5.0,13,https://www.google.com/maps/place/Asif+Clinic/data=!4m7!3m6!1s0x39191d3713040627:0xe011ee1be771dada!8m2!3d31.5939144!4d74.3064178!16s%2Fg%2F11f74f4y_w!19sChIJJwYEEzcdGTkR2tpx5xvuEeA?authuser=0&hl=en&rclk=1,,dentist,2026-08-18T14:39:00+00:00,0x39191d3713040627:0xe011ee1be771dada
Boulevard Dental Practice,Dental clinic,+92 321 8429294,,46 Main Gulberg Rd,"Lahore, Pakistan",4.7,18,https://www.google.com/maps/place/Boulevard+Dental+Practice/data=!4m7!3m6!1s0x3919045807a666e1:0x25143c206a946cd5!8m2!3d31.5301574!4d74.3461833!16s%2Fg%2F11byflk7kj!19sChIJ4WamB1gEGTkR1WyUaiA8FCU?authuser=0&hl=en&rclk=1,,dentist,2026-08-18T14:38:13+00:00,0x3919045807a666e1:0x25143c206a946cd5
Bright Smile Dental Aesthetics,Dentist,+92 337 4800486,,904 R1 M.A,"Lahore, Pakistan",5.0,230,https://www.google.com/maps/place/Bright+Smile+Dental+Aesthetics/data=!4m7!3m6!1s0x3919015250ebeec7:0x1a953dddf3179524!8m2!3d31.4528379!4d74.2725064!16s%2Fg%2F11l24h7sms!19sChIJx-7rUFIBGTkRJJUX8909lRo?authuser=0&hl=en&rclk=1,,dentist,2026-08-18T14:38:13+00:00,0x3919015250ebeec7:0x1a953dddf3179524
Broadway Dentistry,Dentist,+92 304 5752121,,"Block, 5-S, S Mushtaq Ahmed Gurmani Rd","Lahore, Pakistan",4.8,26,https://www.google.com/maps/place/Broadway+Dentistry/data=!4m7!3m6!1s0x3919053047851fa5:0x4d8739b5285013c6!8m2!3d31.5245905!4d74.3516301!16s%2Fg%2F11k2c31hqh!19sChIJpR-FRzAFGTkRxhNQKLU5h00?authuser=0&hl=en&rclk=1,,dentist,2026-08-18T14:38:13+00:00,0x3919053047851fa5:0x4d8739b5285013c6
Bushra Dental Clinic,Dental clinic,+92 309 1662037,,Gate number 1,"Lahore, Pakistan",5.0,31,https://www.google.com/maps/place/Bushra+Dental+Clinic/data=!4m7!3m6!1s0x39191d6db38cd235:0x741d43260f5b4df!8m2!3d31.6011389!4d74.2339873!16s%2Fg%2F11yp_xql6j!19sChIJNdKMs20dGTkR37T1YDLUQQc?authuser=0&hl=en&rclk=1,,dentist,2026-08-18T14:39:30+00:00,0x39191d6db38cd235:0x741d43260f5b4df
Cavalry Dental Care,Dental clinic,+92 314 0777071,,,"Lahore, Pakistan",4.9,182,https://www.google.com/maps/place/Cavalry+Dental+Care/data=!4m7!3m6!1s0x391905ba6e16d591:0x41db34e599450dc8!8m2!3d31.5019115!4d74.3618893!16s%2Fg%2F11t6zdgydq!19sChIJkdUWbroFGTkRyA1FmeU020E?authuser=0&hl=en&rclk=1,,dentist,2026-08-18T14:38:13+00:00,0x391905ba6e16d591:0x41db34e599450dc8
DENTAL HOUSE,Dentist,+92 345 4114240,,"1st Floor, Bilal Arcade, opposite to the international school of Choueifat","Lahore, Pakistan",5.0,142,https://www.google.com/maps/place/DENTAL+HOUSE/data=!4m7!3m6!1s0x391903dbad150c11:0xeb225f680a7101a2!8m2!3d31.4734692!4d74.2795868!16s%2Fg%2F11c20892dm!19sChIJEQwVrdsDGTkRogFxCmhfIus?authuser=0&hl=en&rclk=1,,dentist,2026-08-18T14:38:13+00:00,0x391903dbad150c11:0xeb225f680a7101a2
Daud Dental Clinic,Dental clinic,+92 42 37353934,,"H857+RM6, Mozang Rd, Chowk Mozang Adda, Mozang","Lahore, Pakistan",3.9,,https://www.google.com/maps/place/Daud+Dental+Clinic/data=!4m7!3m6!1s0x39191b552d990d51:0x320f5354fa93cbd0!8m2!3d31.5595379!4d74.3141428!16s%2Fg%2F12mkz9mxc!19sChIJUQ2ZLVUbGTkR0MuT-lRTDzI?authuser=0&hl=en&rclk=1,,dentist,2026-08-18T14:38:13+00:00,0x39191b552d990d51:0x320f5354fa93cbd0
De' DENTIST,Hospital,+92 316 7500156,,257 Lahore Metro Bus System,"Lahore, Pakistan",,,https://www.google.com/maps/place/De%27+DENTIST/data=!4m7!3m6!1s0x39191df4fe56ad8b:0x4aa147f5783f0179!8m2!3d31.5595072!4d74.3033079!16s%2Fg%2F11h89h7kml!19sChIJi61W_vQdGTkReQE_ePVHoUo?authuser=0&hl=en&rclk=1,,dentist,2026-08-18T14:38:13+00:00,0x39191df4fe56ad8b:0x4aa147f5783f0179
Dental Care Centre,Dental clinic,+92 323 4448609,,H86V+GQ,"Lahore, Pakistan",4.9,,https://www.google.com/maps/place/Dental+Care+Centre/data=!4m7!3m6!1s0x3919053805c4c92f:0xb441fc950ac765b0!8m2!3d31.5613125!4d74.3444375!16s%2Fg%2F11sb888m4h!19sChIJL8nEBTgFGTkRsGXHCpX8QbQ?authuser=0&hl=en&rclk=1,,dentist,2026-08-18T14:38:13+00:00,0x3919053805c4c92f:0xb441fc950ac765b0
Dental Care Clinic,Dental clinic,+92 322 8041393,,"127 A block, 128","Lahore, Pakistan",4.8,40,https://www.google.com/maps/place/Dental+Care+Clinic/data=!4m7!3m6!1s0x39190349db3341dd:0xc59df7bc19bac6db!8m2!3d31.5487746!4d74.2891031!16s%2Fg%2F1hm3lggm6!19sChIJ3UEz20kDGTkR28a6Gbz3ncU?authuser=0&hl=en&rclk=1,,dentist,2026-08-18T14:38:13+00:00,0x39190349db3341dd:0xc59df7bc19bac6db
Dental Consultants,Hospital,+92 334 8888717,,"40 B Justice Sardar Iqbal Road, off Zafar Ali Road","Lahore, Pakistan",4.5,,https://www.google.com/maps/place/Dental+Consultants/data=!4m7!3m6!1s0x391905e26e0becc9:0x89cb85be2ff9e08f!8m2!3d31.5394331!4d74.3512553!16s%2Fg%2F11ffw6xm_j!19sChIJyewLbuIFGTkRj-D5L76Fy4k?authuser=0&hl=en&rclk=1,,dentist,2026-08-18T14:38:13+00:00,0x391905e26e0becc9:0x89cb85be2ff9e08f
Dental Cosmetics & Implant Center,Dental clinic,+92 321 4465414,,,"Lahore, Pakistan",4.9,54,https://www.google.com/maps/place/Dental+Cosmetics+%26+Implant+Center/data=!4m7!3m6!1s0x391901506460f6b1:0xab8c1a1b7cbde702!8m2!3d31.4599673!4d74.3010084!16s%2Fg%2F12hqckg82!19sChIJsfZgZFABGTkRAue9fBsajKs?authuser=0&hl=en&rclk=1,,dentist,2026-08-18T14:38:45+00:00,0x391901506460f6b1:0xab8c1a1b7cbde702
Dental Delights,Dental clinic,+92 316 4084070,,Dental delights,"Lahore, Pakistan",4.9,148,https://www.google.com/maps/place/Dental+Delights/data=!4m7!3m6!1s0x39191d0027bad5b9:0x615109dafac7a62d!8m2!3d31.6131195!4d74.2636283!16s%2Fg%2F11wbhksc0l!19sChIJudW6JwAdGTkRLabH-toJUWE?authuser=0&hl=en&rclk=1,,dentist,2026-08-18T14:39:30+00:00,0x39191d0027bad5b9:0x615109dafac7a62d
Dental Hospital icld,Emergency dental service,+92 300 8404689,,"Cosmetic Laser Dentistry, Dental Hospital icld 3k, near Kalma Chowk Flyover","Lahore, Pakistan",4.9,104,https://www.google.com/maps/place/Dental+Hospital+icld/data=!4m7!3m6!1s0x3919046a17bd998f:0x3f216146b835153a!8m2!3d31.5030476!4d74.3324782!16s%2Fg%2F11bbrn4k38!19sChIJj5m9F2oEGTkROhU1uEZhIT8?authuser=0&hl=en&rclk=1,,dentist,2026-08-18T14:38:13+00:00,0x3919046a17bd998f:0x3f216146b835153a
Dental Life (Oral Health Care),Dental clinic,+92 331 4268588,,Habibullah Rd,"Lahore, Pakistan",5.0,,https://www.google.com/maps/place/Dental+Life+%28Oral+Health+Care%29/data=!4m7!3m6!1s0x3919050f08110a65:0x8fe0a55cd755ff6d!8m2!3d31.5594105!4d74.3487766!16s%2Fg%2F11hy_yrvww!19sChIJZQoRCA8FGTkRbf9V11yl4I8?authuser=0&hl=en&rclk=1,,dentist,2026-08-18T14:38:13+00:00,0x3919050f08110a65:0x8fe0a55cd755ff6d
Dental Point,Dental clinic,+92 326 2262921,,"Allama Iqbal Rd, opposite police station","Lahore, Pakistan",5.0,3,https://www.google.com/maps/place/Dental+Point/data=!4m7!3m6!1s0x391905bf24642175:0x560036b598ca7a06!8m2!3d31.5605733!4d74.3491961!16s%2Fg%2F11tfzj2nws!19sChIJdSFkJL8FGTkRBnrKmLU2AFY?authuser=0&hl=en&rclk=1,,dentist,2026-08-18T14:38:13+00:00,0x391905bf24642175:0x560036b598ca7a06
Dental Skills,Dentist,+92 309 0966450,,"724 Shadman Rd, near Fatima Memorial Hospital, opp. Gate No. 08","Lahore, Pakistan",5.0,43,https://www.google.com/maps/place/Dental+Skills/data=!4m7!3m6!1s0x391905000ecfdeab:0x2a4d45f1d4721822!8m2!3d31.5335741!4d74.3285331!16s%2Fg%2F11x160gsfk!19sChIJq97PDgAFGTkRIhhy1PFFTSo?authuser=0&hl=en&rclk=1,,dentist,2026-08-18T14:38:13+00:00,0x391905000ecfdeab:0x2a4d45f1d4721822
Dental Space,Dental clinic,+92 330 4322211,,near gourmet bakers,"Lahore, Pakistan",5.0,43,https://www.google.com/maps/place/Dental+Space/data=!4m7!3m6!1s0x39191dda2fef8695:0x94178cef25835cf0!8m2!3d31.6013705!4d74.2315373!16s%2Fg%2F11mkhp9777!19sChIJlYbvL9odGTkR8FyDJe-MF5Q?authuser=0&hl=en&rclk=1,,dentist,2026-08-18T14:39:30+00:00,0x39191dda2fef8695:0x94178cef25835cf0
Dental Trends,Dental clinic,+92 311 4719494,,"Dental trends clinic 26-karam Elahi Fateh shere road new mozang Lahore,Punjab Pakistan New Mozang","Lahore, Pakistan",5.0,,https://www.google.com/maps/place/Dental+Trends/data=!4m7!3m6!1s0x39190377ac192d0f:0x1bbb5f91ebc769c3!8m2!3d31.5413403!4d74.3077832!16s%2Fg%2F11h6xm0_qd!19sChIJDy0ZrHcDGTkRw2nH65Ffuxs?authuser=0&hl=en&rclk=1,,dentist,2026-08-18T14:38:13+00:00,0x39190377ac192d0f:0x1bbb5f91ebc769c3
Dental Valley Sabzazar,Dental clinic,+92 336 4198666,,994 Moscow Rd,"Lahore, Pakistan",4.8,37,https://www.google.com/maps/place/Dental+Valley+Sabzazar/data=!4m7!3m6!1s0x391902fdeb2ce2fd:0x9e9aa80668383f92!8m2!3d31.5183569!4d74.2686243!16s%2Fg%2F11f3xqm32w!19sChIJ_eIs6_0CGTkRkj84aAaomp4?authuser=0&hl=en&rclk=1,,dentist,2026-08-18T14:38:45+00:00,0x391902fdeb2ce2fd:0x9e9aa80668383f92
Dental bites,Dentist,+92 304 0570505,,,"Lahore, Pakistan",4.9,70,https://www.google.com/maps/place/Dental+bites/data=!4m7!3m6!1s0x3919010026350ecd:0x3e2a0e4814762d84!8m2!3d31.4675625!4d74.2933125!16s%2Fg%2F11yszcblyq!19sChIJzQ41JgABGTkRhC12FEgOKj4?authuser=0&hl=en&rclk=1,,dentist,2026-08-18T14:38:13+00:00,0x3919010026350ecd:0x3e2a0e4814762d84
Dental dynasty by Dr Bilal shahid,Dentist,+92 345 6783953,,"1Sector 320 C Block, Madar-e-Millat Road","Lahore, Pakistan",5.0,10,https://www.google.com/maps/place/Dental+dynasty+by+Dr+Bilal+shahid/data=!4m7!3m6!1s0x3919013c92f374f1:0x794cc39b2ebb043b!8m2!3d31.4358917!4d74.2930541!16s%2Fg%2F11bzv48t4m!19sChIJ8XTzkjwBGTkROwS7LpvDTHk?authuser=0&hl=en&rclk=1,,dentist,2026-08-18T14:39:30+00:00,0x3919013c92f374f1:0x794cc39b2ebb043b
Dentist Dr. Saima Zahid,Dental clinic,+92 316 5555001,,G8MH+XF7,"Lahore, Pakistan",3.0,1,https://www.google.com/maps/place/Dentist+Dr.+Saima+Zahid/data=!4m7!3m6!1s0x39190569569db1e9:0x12d8c0885bb408d0!8m2!3d31.5348827!4d74.3286261!16s%2Fg%2F11jy_0f2q_!19sChIJ6bGdVmkFGTkR0Ai0W4jA2BI?authuser=0&hl=en&rclk=1,,dentist,2026-08-18T14:38:13+00:00,0x39190569569db1e9:0x12d8c0885bb408d0
Dr Aamer's Dental Practice,Dental clinic,+92 307 4611097,,"Old Firdous Cinema, 80 Qari Rd","Lahore, Pakistan",5.0,6,https://www.google.com/maps/place/Dr+Aamer%27s+Dental+Practice/data=!4m7!3m6!1s0x39191d37e1a836e3:0x3f052b14df52b68e!8m2!3d31.5584915!4d74.2958128!16s%2Fg%2F11fmbdklb_!19sChIJ4zao4TcdGTkRjrZS3xQrBT8?authuser=0&hl=en&rclk=1,,dentist,2026-08-18T14:38:44+00:00,0x39191d37e1a836e3:0x3f052b14df52b68e
Dr Babar Dental Surgeon,Dentist,+92 42 35466549,,716 Shadman Rd,"Lahore, Pakistan",2.8,13,https://www.google.com/maps/place/Dr+Babar+Dental+Surgeon/data=!4m7!3m6!1s0x3919057bd21396a3:0x22e8dfed157f3c56!8m2!3d31.5342626!4d74.3290121!16s%2Fg%2F11j2f0vlfr!19sChIJo5YT0nsFGTkRVjx_Fe3f6CI?authuser=0&hl=en&rclk=1,,dentist,2026-08-18T14:38:13+00:00,0x3919057bd21396a3:0x22e8dfed157f3c56
"Dr Javeria Asif, Dentist (Orthodontist) at 96-B GOR-III, Shadman Lahore",Dentist,+92 300 9415941,,G8PH+H7F,"Lahore, Pakistan",5.0,1,"https://www.google.com/maps/place/Dr+Javeria+Asif,+Dentist+%28Orthodontist%29+at+96-B+GOR-III,+Shadman+Lahore/data=!4m7!3m6!1s0x3919056bea4ff079:0xe48a89da216eda92!8m2!3d31.5364487!4d74.328187!16s%2Fg%2F11p5_7n505!19sChIJefBP6msFGTkRktpuIdqJiuQ?authuser=0&hl=en&rclk=1",,dentist,2026-08-18T14:38:13+00:00,0x3919056bea4ff079:0xe48a89da216eda92
Dr Maryam Fatima,Dentist,+92 341 1502091,,"Bodevolution Signature Clinic, 32-A Lawrence Road","Lahore, Pakistan",5.0,4,https://www.google.com/maps/place/Dr+Maryam+Fatima/data=!4m7!3m6!1s0x391904b1a2c95555:0x69090ec44b34a1c5!8m2!3d31.5537082!4d74.3257766!16s%2Fg%2F11vlp5c4vn!19sChIJVVXJorEEGTkRxaE0S8QOCWk?authuser=0&hl=en&rclk=1,,dentist,2026-08-18T14:38:13+00:00,0x391904b1a2c95555:0x69090ec44b34a1c5
Dr Momina Amjad Dental Consultant,Dentist,+92 333 4323360,,Jahgeir Service Road Main Canal Road Lahore Neyapull,"Lahore, Pakistan",5.0,232,https://www.google.com/maps/place/Dr+Momina+Amjad+Dental+Consultant/data=!4m7!3m6!1s0x391905004e254b59:0x1c375f0d879022dd!8m2!3d31.5667795!4d74.4003627!16s%2Fg%2F11x5jb37s2!19sChIJWUslTgAFGTkR3SKQhw1fNxw?authuser=0&hl=en&rclk=1,,dentist,2026-08-18T14:39:30+00:00,0x391905004e254b59:0x1c375f0d879022dd
Dr kashif Dentist,Medical clinic,,,H848+QWW,"Lahore, Pakistan",,,https://www.google.com/maps/place/Dr+kashif+Dentist/data=!4m7!3m6!1s0x391905005d1cc625:0xf1801dfcbb97b94e!8m2!3d31.556981!4d74.3173324!16s%2Fg%2F11lw0clwpc!19sChIJJcYcXQAFGTkRTrmXu_wdgPE?authuser=0&hl=en&rclk=1,,dentist,2026-08-18T14:38:13+00:00,0x391905005d1cc625:0xf1801dfcbb97b94e
Dr. Aqsa Tariq's Dental Clinic,Dental clinic,+92 323 5710575,,Moon Market Road,"Lahore, Pakistan",5.0,32,https://www.google.com/maps/place/Dr.+Aqsa+Tariq%27s+Dental+Clinic/data=!4m7!3m6!1s0x39191d471364cbcf:0x43337027c13daed6!8m2!3d31.5515966!4d74.2807195!16s%2Fg%2F11l20ktsz9!19sChIJz8tkE0cdGTkR1q49wSdwM0M?authuser=0&hl=en&rclk=1,,dentist,2026-08-18T14:38:13+00:00,0x39191d471364cbcf:0x43337027c13daed6
Dr. Fahim Mustafa Qureshi - Dental Clinic,Dental clinic,+92 300 9496330,,"H875+X9G, Rabbani Rd","Lahore, Pakistan",5.0,,https://www.google.com/maps/place/Dr.+Fahim+Mustafa+Qureshi+-+Dental+Clinic/data=!4m7!3m6!1s0x39191d0453f836e1:0x92be75c21153a40f!8m2!3d31.5648976!4d74.3084808!16s%2Fg%2F11y208c0rj!19sChIJ4Tb4UwQdGTkRD6RTEcJ1vpI?authuser=0&hl=en&rclk=1,,dentist,2026-08-18T14:38:13+00:00,0x39191d0453f836e1:0x92be75c21153a40f
Dr. Faizan's dental clinic and implant center,Dentist,,,"Fazal e Haq Rd, near Shabab Chowk","Lahore, Pakistan",4.9,46,https://www.google.com/maps/place/Dr.+Faizan%27s+dental+clinic+and+implant+center/data=!4m7!3m6!1s0x39190300775234b3:0xa203bc989481af23!8m2!3d31.5318014!4d74.3011966!16s%2Fg%2F11z48cvyw9!19sChIJszRSdwADGTkRI6-BlJi8A6I?authuser=0&hl=en&rclk=1,,dentist,2026-08-18T14:38:13+00:00,0x39190300775234b3:0xa203bc989481af23
Dr. Sahil's Dental Care,Dental clinic,+92 329 9444775,,"41, Al Meraj Chowk","Lahore, Pakistan",4.9,111,https://www.google.com/maps/place/Dr.+Sahil%27s+Dental+Care/data=!4m7!3m6!1s0x391903261010f7a7:0xf3a58d99910e1b4!8m2!3d31.527887!4d74.2650214!16s%2Fg%2F11wb2y8b30!19sChIJp_cQECYDGTkRtOEQmdlYOg8?authuser=0&hl=en&rclk=1,,dentist,2026-08-18T14:38:13+00:00,0x391903261010f7a7:0xf3a58d99910e1b4
Dr. Sana Zaib,Dental clinic,+92 308 5999540,,Chirag Park,"Lahore, Pakistan",5.0,30,https://www.google.com/maps/place/Dr.+Sana+Zaib/data=!4m7!3m6!1s0x39191bdd184576c1:0x6afb74a3575b9604!8m2!3d31.6030707!4d74.336271!16s%2Fg%2F11zkwp6mpt!19sChIJwXZFGN0bGTkRBJZbV6N0-2o?authuser=0&hl=en&rclk=1,,dentist,2026-08-18T14:39:30+00:00,0x39191bdd184576c1:0x6afb74a3575b9604
Dr. Zia's Dental Care,Dentist,+92 308 4613000,,1 Zafar Ali Rd,"Lahore, Pakistan",5.0,19,https://www.google.com/maps/place/Dr.+Zia%27s+Dental+Care/data=!4m7!3m6!1s0x391904e6c26d0491:0xf5c8b55e8e8b2781!8m2!3d31.5381386!4d74.3509408!16s%2Fg%2F11b6mmcfj2!19sChIJkQRtwuYEGTkRgSeLjl61yPU?authuser=0&hl=en&rclk=1,,dentist,2026-08-18T14:38:13+00:00,0x391904e6c26d0491:0xf5c8b55e8e8b2781
Dr.Javed Dental Surgery,Dental clinic,+92 42 35110668,,"Aslam Chowk, 574-A1 College Rd","Lahore, Pakistan",4.7,180,https://www.google.com/maps/place/Dr.Javed+Dental+Surgery/data=!4m7!3m6!1s0x39190156b74d380b:0xc5b4caba04c12473!8m2!3d31.4641759!4d74.3048514!16s%2Fg%2F11b69cf_1z!19sChIJCzhNt1YBGTkRcyTBBLrKtMU?authuser=0&hl=en&rclk=1,,dentist,2026-08-18T14:38:13+00:00,0x39190156b74d380b:0xc5b4caba04c12473
Faisal Dental Clinic,Dental clinic,,,"Dilawar Road, Bilal Park Rd","Lahore, Pakistan",4.7,15,https://www.google.com/maps/place/Faisal+Dental+Clinic/data=!4m7!3m6!1s0x39191bc4b9fb8501:0x98b00aea90be89dc!8m2!3d31.585922!4d74.3483115!16s%2Fg%2F11sbzvyzbf!19sChIJAYX7ucQbGTkR3Im-kOoKsJg?authuser=0&hl=en&rclk=1,,dentist,2026-08-18T14:39:00+00:00,0x39191bc4b9fb8501:0x98b00aea90be89dc
Family Dental Clinic,Dentist,,,"H89C+MGF, Nisbat Rd Qila Gujar Singh","Lahore, Pakistan",3.0,2,https://www.google.com/maps/place/Family+Dental+Clinic/data=!4m7!3m6!1s0x39191b5050118155:0x4b65b5f96a83efd7!8m2!3d31.5691983!4d74.3212867!16s%2Fg%2F11xwyrvky!19sChIJVYERUFAbGTkR1--Davm1ZUs?authuser=0&hl=en&rclk=1,,dentist,2026-08-18T14:38:13+00:00,0x39191b5050118155:0x4b65b5f96a83efd7
Family Dental clinic,Dentist,+92 300 1036620,,Data Darbar Rd,"Lahore, Pakistan",5.0,9,https://www.google.com/maps/place/Family+Dental+clinic/data=!4m7!3m6!1s0x39191ca179e69043:0xb9dff8ed049a9bec!8m2!3d31.5778478!4d74.3066884!16s%2Fg%2F11f3t1xd9x!19sChIJQ5DmeaEcGTkR7JuaBO3437k?authuser=0&hl=en&rclk=1,,dentist,2026-08-18T14:38:13+00:00,0x39191ca179e69043:0xb9dff8ed049a9bec
Family Smiles Dental Clinic,Dentist,+92 312 8678671,,"164,N, near Masjid Khizra","Lahore, Pakistan",5.0,83,https://www.google.com/maps/place/Family+Smiles+Dental+Clinic/data=!4m7!3m6!1s0x391903daa45cebbb:0x5daec1de2b52e7d7!8m2!3d31.5335277!4d74.3041317!16s%2Fg%2F11t2_7f1_3!19sChIJu-tcpNoDGTkR1-dSK97Brl0?authuser=0&hl=en&rclk=1,,dentist,2026-08-18T14:38:13+00:00,0x391903daa45cebbb:0x5daec1de2b52e7d7
Fasih waseem dental clinic,Dental clinic,+92 300 4866194,,H8M7+PVJ,"Lahore, Pakistan",5.0,10,https://www.google.com/maps/place/Fasih+waseem+dental+clinic/data=!4m7!3m6!1s0x39191b0051b7f121:0xfb3465df6c23583d!8m2!3d31.5843255!4d74.3146284!16s%2Fg%2F11yprbx356!19sChIJIfG3UQAbGTkRPVgjbN9lNPs?authuser=0&hl=en&rclk=1,,dentist,2026-08-18T14:39:00+00:00,0x39191b0051b7f121:0xfb3465df6c23583d
Fatima Fayaz Medical & Dental Clinic,Dental clinic,+92 300 1519317,,"Shabab Chok, Nadeem Shaheed Rd","Lahore, Pakistan",4.9,37,https://www.google.com/maps/place/Fatima+Fayaz+Medical+%26+Dental+Clinic/data=!4m7!3m6!1s0x39190300cf7e693b:0x4fd32e8c32cfc6a!8m2!3d31.5313324!4d74.3011126!16s%2Fg%2F11kk51xc2l!19sChIJO2l-zwADGTkRavwsw-gy_QQ?authuser=0&hl=en&rclk=1,,dentist,2026-08-18T14:38:13+00:00,0x39190300cf7e693b:0x4fd32e8c32cfc6a
Fida Dental Clinic,Dentist,+92 321 4043448,,,"Lahore, Pakistan",4.1,,https://www.google.com/maps/place/Fida+Dental+Clinic/data=!4m7!3m6!1s0x391904d3c2c53249:0x3d1634c2926e04d6!8m2!3d31.5588125!4d74.3518125!16s%2Fg%2F11f0_gqfdd!19sChIJSTLFwtMEGTkR1gRuksI0Fj0?authuser=0&hl=en&rclk=1,,dentist,2026-08-18T14:38:13+00:00,0x391904d3c2c53249:0x3d1634c2926e04d6
Fine Dental Clinic,Doctor,+92 300 4632522,,H7RX+CR7,"Lahore, Pakistan",5.0,3,https://www.google.com/maps/place/Fine+Dental+Clinic/data=!4m7!3m6!1s0x39191d4a6047ff05:0xa51dd2f30787d7bf!8m2!3d31.5910371!4d74.2995378!16s%2Fg%2F11h_tdrzgg!19sChIJBf9HYEodGTkRv9eHB_PSHaU?authuser=0&hl=en&rclk=1,,dentist,2026-08-18T14:39:30+00:00,0x39191d4a6047ff05:0xa51dd2f30787d7bf
GUL DENTAL CLINIC,Doctor,+92 321 4261623,,55 Zaildar Rd,"Lahore, Pakistan",4.1,12,https://www.google.com/maps/place/GUL+DENTAL+CLINIC/data=!4m7!3m6!1s0x39190535ada90fb9:0x220475d3e6005d6f!8m2!3d31.5305536!4d74.3139391!16s%2Fg%2F11j4j_d7sp!19sChIJuQ-prTUFGTkRb10A5tN1BCI?authuser=0&hl=en&rclk=1,,dentist,2026-08-18T14:38:13+00:00,0x39190535ada90fb9:0x220475d3e6005d6f
Gaba Dental clinic,Dental clinic,+92 324 4234668,,Al Hamd Road,"Lahore, Pakistan",4.7,83,https://www.google.com/maps/place/Gaba+Dental+clinic/data=!4m7!3m6!1s0x39190250ee3cbf19:0xb504b36e0b89685e!8m2!3d31.4998942!4d74.2579945!16s%2Fg%2F11b6s_y4zm!19sChIJGb887lACGTkRXmiJC26zBLU?authuser=0&hl=en&rclk=1,,dentist,2026-08-18T14:39:30+00:00,0x39190250ee3cbf19:0xb504b36e0b89685e
Hamza Dental Associates,Dental clinic,+92 301 4150613,,"21, Hamza Hospital, Dental wing, 11-A Shama Road","Lahore, Pakistan",5.0,,https://www.google.com/maps/place/Hamza+Dental+Associates/data=!4m7!3m6!1s0x3919055753337cdb:0x5921691d7e3cde69!8m2!3d31.5415731!4d74.3117049!16s%2Fg%2F11t59_p6r7!19sChIJ23wzU1cFGTkRad48fh1pIVk?authuser=0&hl=en&rclk=1,,dentist,2026-08-18T14:38:13+00:00,0x3919055753337cdb:0x5921691d7e3cde69
Hamza Dental Care Centre,Doctor,+92 300 4256005,,"40 Nisbat Rd, near Kashmiri Hareesa","Lahore, Pakistan",4.6,7,https://www.google.com/maps/place/Hamza+Dental+Care+Centre/data=!4m7!3m6!1s0x39191b508c87d57d:0xf8939019cea1da24!8m2!3d31.5699255!4d74.3200315!16s%2Fg%2F11xb9yvqq!19sChIJfdWHjFAbGTkRJNqhzhmQk_g?authuser=0&hl=en&rclk=1,,dentist,2026-08-18T14:39:00+00:00,0x39191b508c87d57d:0xf8939019cea1da24
Hassan Raza Hall/de' Montmorency College Of Dentistry Hostel,Hostel,+92 42 99206262,,H8C6+944 Hassan Raza Hall/de' Montmorency College Of Dentistry Hostel,"Lahore, Pakistan",4.3,19,https://www.google.com/maps/place/Hassan+Raza+Hall%2Fde%27+Montmorency+College+Of+Dentistry+Hostel/data=!4m7!3m6!1s0x39191d001c5e6e11:0x3abc98d09aadb9fc!8m2!3d31.5708993!4d74.3103403!16s%2Fg%2F11y5_hmr9x!19sChIJEW5eHAAdGTkR_LmtmtCYvDo?authuser=0&hl=en&rclk=1,,dentist,2026-08-18T14:38:13+00:00,0x39191d001c5e6e11:0x3abc98d09aadb9fc
Hazrat Fatima tuz Zahra welfare poly clinic,Hospital department,+92 307 0014498,,"House no 8, Allah Bukhsh St","Lahore, Pakistan",5.0,100,https://www.google.com/maps/place/Hazrat+Fatima+tuz+Zahra+welfare+poly+clinic/data=!4m7!3m6!1s0x39191b66a7942263:0x789881b28f2b8fb2!8m2!3d31.5894502!4d74.3377649!16s%2Fg%2F11ty6qj2ys!19sChIJYyKUp2YbGTkRso8rj7KBmHg?authuser=0&hl=en&rclk=1,,dentist,2026-08-18T14:39:00+00:00,0x39191b66a7942263:0x789881b28f2b8fb2
High-Q Dental And Aesthetic Clinic,Dental clinic,+92 324 4136079,,19-C,"Lahore, Pakistan",5.0,12,https://www.google.com/maps/place/High-Q+Dental+And+Aesthetic+Clinic/data=!4m7!3m6!1s0x39190365df61b3ab:0xa1327bfdd17aac45!8m2!3d31.525271!4d74.2865461!16s%2Fg%2F11stkznb2t!19sChIJq7Nh32UDGTkRRax60f17MqE?authuser=0&hl=en&rclk=1,,dentist,2026-08-18T14:38:45+00:00,0x39190365df61b3ab:0xa1327bfdd17aac45
INSTITUTE OF COSMETIC LASER DENTISTRY,Dental clinic,,,H8CF+J7R,"Lahore, Pakistan",,,https://www.google.com/maps/place/INSTITUTE+OF+COSMETIC+LASER+DENTISTRY/data=!4m7!3m6!1s0x39191b006a2c3e7f:0xa550a5499cc74f0e!8m2!3d31.5715453!4d74.3231814!16s%2Fg%2F11mf7lhrbm!19sChIJfz4sagAbGTkRDk_HnEmlUKU?authuser=0&hl=en&rclk=1,,dentist,2026-08-18T14:39:30+00:00,0x39191b006a2c3e7f:0xa550a5499cc74f0e
Ideal Dental care,Doctor,+92 302 4448842,,785 Poonch Rd,"Lahore, Pakistan",5.0,60,https://www.google.com/maps/place/Ideal+Dental+care/data=!4m7!3m6!1s0x3919035958b94255:0xaf0e4e2be7f2ddef!8m2!3d31.5373891!4d74.3005301!16s%2Fg%2F11lgs0473t!19sChIJVUK5WFkDGTkR793y5ytODq8?authuser=0&hl=en&rclk=1,,dentist,2026-08-18T14:38:13+00:00,0x3919035958b94255:0xaf0e4e2be7f2ddef
Ilham dental clinic,Dental clinic,+92 330 4265775,,"Shop #3, 07, Rehmat street Malik Munir Rd","Lahore, Pakistan",4.9,14,https://www.google.com/maps/place/Ilham+dental+clinic/data=!4m7!3m6!1s0x391903eef3736509:0x4a87f80ae7c40840!8m2!3d31.5540305!4d74.2885137!16s%2Fg%2F11tcv3v5kp!19sChIJCWVz8-4DGTkRQAjE5wr4h0o?authuser=0&hl=en&rclk=1,,dentist,2026-08-18T14:38:13+00:00,0x391903eef3736509:0x4a87f80ae7c40840
Irfan Dental Associates,Orthodontist,+92 333 4207669,,3 Shahrah Aiwan-e-Sanat-o-Tijarat,"Lahore, Pakistan",5.0,4,https://www.google.com/maps/place/Irfan+Dental+Associates/data=!4m7!3m6!1s0x391904b9560e67d7:0xb6846bb230164bb!8m2!3d31.5449445!4d74.3294917!16s%2Fg%2F11bw2jpjjx!19sChIJ12cOVrkEGTkRu2QBI7tGaAs?authuser=0&hl=en&rclk=1,,dentist,2026-08-18T14:38:13+00:00,0x391904b9560e67d7:0xb6846bb230164bb
Isha Dental Clinic,Dental clinic,+92 333 4720001,,49 Nadeem Shaheed Rd,"Lahore, Pakistan",4.7,7,https://www.google.com/maps/place/Isha+Dental+Clinic/data=!4m7!3m6!1s0x391903da31ac4ed1:0x1169207ce18b5e00!8m2!3d31.5284399!4d74.3015688!16s%2Fg%2F11l1q8vcby!19sChIJ0U6sMdoDGTkRAF6L4XwgaRE?authuser=0&hl=en&rclk=1,,dentist,2026-08-18T14:38:45+00:00,0x391903da31ac4ed1:0x1169207ce18b5e00
KHAN DENTAL CLINIC,Dentist,+92 333 4515067,,"Khawaja, Baba Farid Rd","Lahore, Pakistan",4.9,12,https://www.google.com/maps/place/KHAN+DENTAL+CLINIC/data=!4m7!3m6!1s0x39190335040e3edf:0xa2a27494b7abf64!8m2!3d31.5533822!4d74.2853813!16s%2Fg%2F12mkzkg7l!19sChIJ3z4OBDUDGTkRZL96S0knKgo?authuser=0&hl=en&rclk=1,,dentist,2026-08-18T14:38:13+00:00,0x39190335040e3edf:0xa2a27494b7abf64
Kazi Dental Aesthetics,Cosmetic dentist,+92 348 8797003,,"Kazi Hospital, 21 Temple Rd","Lahore, Pakistan",5.0,1,https://www.google.com/maps/place/Kazi+Dental+Aesthetics/data=!4m7!3m6!1s0x391905e639ec9207:0x612c36b03d222852!8m2!3d31.5581484!4d74.3172803!16s%2Fg%2F11f3c2h64z!19sChIJB5LsOeYFGTkRUigiPbA2LGE?authuser=0&hl=en&rclk=1,,dentist,2026-08-18T14:38:13+00:00,0x391905e639ec9207:0x612c36b03d222852
"Khan Dental surgery, Township",Dental clinic,+92 323 6470852,,218- 4- A2 Haider Rd,"Lahore, Pakistan",4.9,91,"https://www.google.com/maps/place/Khan+Dental+surgery,+Township/data=!4m7!3m6!1s0x391906b389534ff5:0xadbb30ddf0802c94!8m2!3d31.4555382!4d74.3158743!16s%2Fg%2F11c54dzfcc!19sChIJ9U9TibMGGTkRlCyA8N0wu60?authuser=0&hl=en&rclk=1",,dentist,2026-08-18T14:39:30+00:00,0x391906b389534ff5:0xadbb30ddf0802c94
Khan dental surgery green town,Dentist,+92 321 4196671,,"D2, Block 3, 51nil, 54000","Lahore, Pakistan",4.8,158,https://www.google.com/maps/place/Khan+dental+surgery+green+town/data=!4m7!3m6!1s0x3919019819ff859b:0x10cec8186dee4ca!8m2!3d31.4351634!4d74.3098835!16s%2Fg%2F11yd7145cg!19sChIJm4X_GZgBGTkRyuTehoHsDAE?authuser=0&hl=en&rclk=1,,dentist,2026-08-18T14:38:45+00:00,0x3919019819ff859b:0x10cec8186dee4ca
Lahore Dental Care Clinic,Dental clinic,+92 320 4861696,,"407, Main Poonch Rd","Lahore, Pakistan",4.8,4,https://www.google.com/maps/place/Lahore+Dental+Care+Clinic/data=!4m7!3m6!1s0x39190384d3f73dc3:0xb303332940b4a10f!8m2!3d31.5409622!4d74.3006896!16s%2Fg%2F11gxjrpkp9!19sChIJwz3304QDGTkRD6G0QCkzA7M?authuser=0&hl=en&rclk=1,,dentist,2026-08-18T14:38:13+00:00,0x39190384d3f73dc3:0xb303332940b4a10f
MA dental clinic,Dental clinic,+92 329 9409364,,16,"Lahore, Pakistan",5.0,,https://www.google.com/maps/place/MA+dental+clinic/data=!4m7!3m6!1s0x391903bcbe900ff5:0x986b8c82be1d1d4a!8m2!3d31.5413288!4d74.310691!16s%2Fg%2F11y8f_r7gh!19sChIJ9Q-QvrwDGTkRSh0dvoKMa5g?authuser=0&hl=en&rclk=1,,dentist,2026-08-18T14:38:13+00:00,0x391903bcbe900ff5:0x986b8c82be1d1d4a
MY DENTIST,Dental clinic,+92 331 4943799,,"H86X+8P5, Allama Iqbal Rd","Lahore, Pakistan",5.0,,https://www.google.com/maps/place/MY+DENTIST/data=!4m7!3m6!1s0x391905d4bdb0d7f5:0x109de4f1dce90a1!8m2!3d31.5607659!4d74.3493549!16s%2Fg%2F11sq1t9tw_!19sChIJ9dewvdQFGTkRoZDOHU_eCQE?authuser=0&hl=en&rclk=1,,dentist,2026-08-18T14:38:13+00:00,0x391905d4bdb0d7f5:0x109de4f1dce90a1
Maida Dental,Dentist,+92 321 5908245,,H7MW+539,"Lahore, Pakistan",4.6,9,https://www.google.com/maps/place/Maida+Dental/data=!4m7!3m6!1s0x39191da5b9004745:0x205de33eadb0c604!8m2!3d31.5829196!4d74.2952311!16s%2Fg%2F11h8cgs_5_!19sChIJRUcAuaUdGTkRBMawrT7jXSA?authuser=0&hl=en&rclk=1,,dentist,2026-08-18T14:39:30+00:00,0x39191da5b9004745:0x205de33eadb0c604
Marium Dental Care,Dental clinic,+92 42 37415344,,"Moon Market Park, 212 ‏Main Blvd Gulshan-e-Ravi, near by D Mart departmental store","Lahore, Pakistan",5.0,3,https://www.google.com/maps/place/Marium+Dental+Care/data=!4m7!3m6!1s0x391903340e4f50f9:0x32d8f15ccbc6c6ed!8m2!3d31.5506629!4d74.2833247!16s%2Fg%2F11f0wljn9c!19sChIJ-VBPDjQDGTkR7cbGy1zx2DI?authuser=0&hl=en&rclk=1,,dentist,2026-08-18T14:38:44+00:00,0x391903340e4f50f9:0x32d8f15ccbc6c6ed
Maryam Dental Surgery,Dental clinic,+92 312 7888954,,Plot 344 block 13 B1 13,"Lahore, Pakistan",4.7,84,https://www.google.com/maps/place/Maryam+Dental+Surgery/data=!4m7!3m6!1s0x391901784fed7e83:0xfc3e81b656bc583b!8m2!3d31.4586233!4d74.3060313!16s%2Fg%2F11pvcyq4v4!19sChIJg37tT3gBGTkRO1i8VraBPvw?authuser=0&hl=en&rclk=1,,dentist,2026-08-18T14:38:45+00:00,0x391901784fed7e83:0xfc3e81b656bc583b
Masood Dental Surgery,Dental clinic,+92 333 4275298,,"Fazal Arcade, 886-N, Plaza Bastami Rd","Lahore, Pakistan",4.6,72,https://www.google.com/maps/place/Masood+Dental+Surgery/data=!4m7!3m6!1s0x391903684024e0f7:0x1515aff7250a1ae3!8m2!3d31.5307834!4d74.2963874!16s%2Fg%2F11f33974kn!19sChIJ9-AkQGgDGTkR4xoKJfevFRU?authuser=0&hl=en&rclk=1,,dentist,2026-08-18T14:38:13+00:00,0x391903684024e0f7:0x1515aff7250a1ae3
Mohsin Dental Clinic,Dental clinic,+92 333 4493008,,near Sardaar Chappal Chowk,"Lahore, Pakistan",4.3,6,https://www.google.com/maps/place/Mohsin+Dental+Clinic/data=!4m7!3m6!1s0x39191d8db13abb49:0xeb540e77224b89f8!8m2!3d31.5780625!4d74.2991875!16s%2Fg%2F11gxjx71k_!19sChIJSbs6sY0dGTkR-IlLIncOVOs?authuser=0&hl=en&rclk=1,,dentist,2026-08-18T14:39:30+00:00,0x39191d8db13abb49:0xeb540e77224b89f8
Nusrat Dental Care,Dental clinic,+92 304 6199684,,"Shop No. 5, 35 Shah Jamal Rd","Lahore, Pakistan",4.9,51,https://www.google.com/maps/place/Nusrat+Dental+Care/data=!4m7!3m6!1s0x3919055eecb17429:0x201550a69776b618!8m2!3d31.5318246!4d74.325332!16s%2Fg%2F11t14bxqpr!19sChIJKXSx7F4FGTkRGLZ2l6ZQFSA?authuser=0&hl=en&rclk=1,,dentist,2026-08-18T14:38:13+00:00,0x3919055eecb17429:0x201550a69776b618
Optima Dental Care,Dental clinic,+92 42 37551177,,Poonch Rd,"Lahore, Pakistan",5.0,19,https://www.google.com/maps/place/Optima+Dental+Care/data=!4m7!3m6!1s0x3919035ca3d6b8cf:0x83814c9497660b49!8m2!3d31.5406661!4d74.3012552!16s%2Fg%2F11f_kpbqhx!19sChIJz7jWo1wDGTkRSQtml5RMgYM?authuser=0&hl=en&rclk=1,,dentist,2026-08-18T14:38:13+00:00,0x3919035ca3d6b8cf:0x83814c9497660b49
OralMax Dental Practice & Implant Centre,Dentist,+92 311 1228877,,89-E Jail Rd,"Lahore, Pakistan",4.7,17,https://www.google.com/maps/place/OralMax+Dental+Practice+%26+Implant+Centre/data=!4m7!3m6!1s0x391905986f6ea419:0x89b045b7f1d065eb!8m2!3d31.5383604!4d74.3372475!16s%2Fg%2F11gyyzcg7y!19sChIJGaRub5gFGTkR62XQ8bdFsIk?authuser=0&hl=en&rclk=1,,dentist,2026-08-18T14:38:13+00:00,0x391905986f6ea419:0x89b045b7f1d065eb
Premium Smile Dental Care,Dentist,+92 323 5710575,,36 Moon Market Road,"Lahore, Pakistan",5.0,80,https://www.google.com/maps/place/Premium+Smile+Dental+Care/data=!4m7!3m6!1s0x391903003316b793:0x316a63390eca61e6!8m2!3d31.5515906!4d74.2808733!16s%2Fg%2F11v_5xxkhx!19sChIJk7cWMwADGTkR5mHKDjljajE?authuser=0&hl=en&rclk=1,,dentist,2026-08-18T14:38:13+00:00,0x391903003316b793:0x316a63390eca61e6
Rehman Dental Center,Dental clinic,+92 321 9402190,,"Rehman Dental Center, Chowk, Mohni Rd","Lahore, Pakistan",4.9,23,https://www.google.com/maps/place/Rehman+Dental+Center/data=!4m7!3m6!1s0x39191c99badf7fb9:0x76b4d4d116d5b1e4!8m2!3d31.5837139!4d74.3021872!16s%2Fg%2F11cmqt01y1!19sChIJuX_fupkcGTkR5LHVFtHUtHY?authuser=0&hl=en&rclk=1,,dentist,2026-08-18T14:38:13+00:00,0x39191c99badf7fb9:0x76b4d4d116d5b1e4
Rehman Dentist Clinic,Health consultant,,,H832+J8X,"Lahore, Pakistan",,,https://www.google.com/maps/place/Rehman+Dentist+Clinic/data=!4m7!3m6!1s0x391903000d240425:0xd11f95cdb2b35e4e!8m2!3d31.5541004!4d74.3008546!16s%2Fg%2F11zg9gp1pw!19sChIJJQQkDQADGTkRTl6zss2VH9E?authuser=0&hl=en&rclk=1,,dentist,2026-08-18T14:38:13+00:00,0x391903000d240425:0xd11f95cdb2b35e4e
Royal Dental Home,Dental clinic,+92 321 8842434,,20 Poonch Rd,"Lahore, Pakistan",4.9,17,https://www.google.com/maps/place/Royal+Dental+Home/data=!4m7!3m6!1s0x3919037a5e0ce7ab:0xd48f3ab57a18a06b!8m2!3d31.5502121!4d74.3029843!16s%2Fg%2F11k41wmn_h!19sChIJq-cMXnoDGTkRa6AYerU6j9Q?authuser=0&hl=en&rclk=1,,dentist,2026-08-18T14:38:44+00:00,0x3919037a5e0ce7ab:0xd48f3ab57a18a06b
SAEED MEMORIAL DENTAL SURGERY,Dentist,+92 331 9437406,,"Butt chowk, Plot 110","Lahore, Pakistan",4.8,24,https://www.google.com/maps/place/SAEED+MEMORIAL+DENTAL+SURGERY/data=!4m7!3m6!1s0x391901e389bc0e05:0xb8b2118f20a62a51!8m2!3d31.4421463!4d74.2961186!16s%2Fg%2F11sf6hw43m!19sChIJBQ68ieMBGTkRUSqmII8Rsrg?authuser=0&hl=en&rclk=1,,dentist,2026-08-18T14:38:13+00:00,0x391901e389bc0e05:0xb8b2118f20a62a51
Shamim Dental Clinic شمیم ڈینٹل کلینک,Dental clinic,+92 300 8406686,,Chowk Nelibar Islampura,"Lahore, Pakistan",5.0,2,https://www.google.com/maps/place/Shamim+Dental+Clinic+%D8%B4%D9%85%DB%8C%D9%85+%DA%88%DB%8C%D9%86%D9%B9%D9%84+%DA%A9%D9%84%DB%8C%D9%86%DA%A9%E2%80%AD/data=!4m7!3m6!1s0x39191d84387ac583:0xd100a6735f65adfc!8m2!3d31.5674512!4d74.2983187!16s%2Fg%2F11j7hncd6l!19sChIJg8V6OIQdGTkR_K1lX3OmANE?authuser=0&hl=en&rclk=1,,dentist,2026-08-18T14:38:44+00:00,0x39191d84387ac583:0xd100a6735f65adfc
Smile Arts Dental Clinic,Dental clinic,+92 300 9163410,,729,"Lahore, Pakistan",4.9,100,https://www.google.com/maps/place/Smile+Arts+Dental+Clinic/data=!4m7!3m6!1s0x49109823a1b9e83d:0xf80112cfa0f24d62!8m2!3d31.5343981!4d74.3286765!16s%2Fg%2F11mdsgknqw!19sChIJPei5oSOYEEkRYk3yoM8SAfg?authuser=0&hl=en&rclk=1,,dentist,2026-08-18T14:38:13+00:00,0x49109823a1b9e83d:0xf80112cfa0f24d62
Smile Buds Dental Clinic,Dentist,+92 307 0450066,,202 A Triple Rd,"Lahore, Pakistan",5.0,49,https://www.google.com/maps/place/Smile+Buds+Dental+Clinic/data=!4m7!3m6!1s0x39191bd18fd0da9f:0x7f3aa0b621015993!8m2!3d31.6002008!4d74.3363967!16s%2Fg%2F11yyvvz4t_!19sChIJn9rQj9EbGTkRk1kBIbagOn8?authuser=0&hl=en&rclk=1,,dentist,2026-08-18T14:38:13+00:00,0x39191bd18fd0da9f:0x7f3aa0b621015993
Smile Care Dental & Skin Clinic,Dentist,+92 333 4033436,,426,"Lahore, Pakistan",4.9,416,https://www.google.com/maps/place/Smile+Care+Dental+%26+Skin+Clinic/data=!4m7!3m6!1s0x3919016d48eca429:0x13f72668fcda78fd!8m2!3d31.4448894!4d74.2786952!16s%2Fg%2F1pp2x9bq7!19sChIJKaTsSG0BGTkR_Xja_Ggm9xM?authuser=0&hl=en&rclk=1,,dentist,2026-08-18T14:38:13+00:00,0x3919016d48eca429:0x13f72668fcda78fd
Smile Center,Dental clinic,+92 42 35757272,,9/2 Gulberg Rd,"Lahore, Pakistan",4.6,39,https://www.google.com/maps/place/Smile+Center/data=!4m7!3m6!1s0x391904ef2c14d6e7:0x42df2fd4cb185dfa!8m2!3d31.5351573!4d74.3445187!16s%2Fg%2F11xs00q8k!19sChIJ59YULO8EGTkR-l0Yy9Qv30I?authuser=0&hl=en&rclk=1,,dentist,2026-08-18T14:38:13+00:00,0x391904ef2c14d6e7:0x42df2fd4cb185dfa
Smile Center - Branch 2 - Dr. A. Imran Khan,Dental clinic,,,H8P2+P5Q,"Lahore, Pakistan",5.0,3,https://www.google.com/maps/place/Smile+Center+-+Branch+2+-+Dr.+A.+Imran+Khan/data=!4m7!3m6!1s0x39191d0018d25f49:0x5c51d8baee6d888e!8m2!3d31.5868086!4d74.3005861!16s%2Fg%2F11z94zs1wf!19sChIJSV_SGAAdGTkRjoht7rrYUVw?authuser=0&hl=en&rclk=1,,dentist,2026-08-18T14:39:30+00:00,0x39191d0018d25f49:0x5c51d8baee6d888e
Smile Dental Centre,Dental clinic,+92 345 4181089,,"moula bakhsh chowk, Kamal Rd","Lahore, Pakistan",5.0,9,https://www.google.com/maps/place/Smile+Dental+Centre/data=!4m7!3m6!1s0x39191d3fbcd50e69:0xebfcedb7ca8a23f5!8m2!3d31.5765051!4d74.2965739!16s%2Fg%2F11h23f1677!19sChIJaQ7VvD8dGTkR9SOKyrft_Os?authuser=0&hl=en&rclk=1,,dentist,2026-08-18T14:39:30+00:00,0x39191d3fbcd50e69:0xebfcedb7ca8a23f5
SmileCraft Dental Clinic,Dental clinic,+92 333 5033256,,House # 42,"Lahore, Pakistan",5.0,20,https://www.google.com/maps/place/SmileCraft+Dental+Clinic/data=!4m7!3m6!1s0x3919013785dcebd3:0xdfa8fae5a9964286!8m2!3d31.4510926!4d74.2847154!16s%2Fg%2F11t9jv18ln!19sChIJ0-vchTcBGTkRhkKWqeX6qN8?authuser=0&hl=en&rclk=1,,dentist,2026-08-18T14:38:45+00:00,0x3919013785dcebd3:0xdfa8fae5a9964286
Specialist Dental World,Dental clinic,+92 323 5300335,,"Shop #1, Shama Road, opposite Corporation Office","Lahore, Pakistan",5.0,,https://www.google.com/maps/place/Specialist+Dental+World/data=!4m7!3m6!1s0x39190300208c611f:0x17b2e0586e0bcfd3!8m2!3d31.5414489!4d74.3099353!16s%2Fg%2F11ys31zhrl!19sChIJH2GMIAADGTkR088Lbljgshc?authuser=0&hl=en&rclk=1,,dentist,2026-08-18T14:38:13+00:00,0x39190300208c611f:0x17b2e0586e0bcfd3
THE DENTAL HOME,Dental clinic,+92 304 2727277,,"Ground Floor; Al Rehman Shopping plaza; Opposite HBL Cantt branch; Saddar bazar, Dhaka Rd","Lahore, Pakistan",5.0,508,https://www.google.com/maps/place/THE+DENTAL+HOME/data=!4m7!3m6!1s0x3919053e732e89d3:0xc4c8cac38adc917f!8m2!3d31.5463624!4d74.3771538!16s%2Fg%2F11fy53h9dh!19sChIJ04kucz4FGTkRf5HcisPKyMQ?authuser=0&hl=en&rclk=1,,dentist,2026-08-18T14:38:13+00:00,0x3919053e732e89d3:0xc4c8cac38adc917f
Tariq dental surgery,Dental clinic,+92 42 37288387,,"H8JQ+H4J Akbar road, Chamra Mandi (Hide Market)","Lahore, Pakistan",4.1,14,https://www.google.com/maps/place/Tariq+dental+surgery/data=!4m7!3m6!1s0x39191bbdd1c6143f:0xabe5b9bab33f4965!8m2!3d31.5814626!4d74.3379798!16s%2Fg%2F11p02t96lm!19sChIJPxTG0b0bGTkRZUk_s7q55as?authuser=0&hl=en&rclk=1,,dentist,2026-08-18T14:39:00+00:00,0x39191bbdd1c6143f:0xabe5b9bab33f4965
The Dental Loft,Dental clinic,+92 321 0166600,,"28-A, Jail Rd, behind OMC Hospital","Lahore, Pakistan",5.0,47,https://www.google.com/maps/place/The+Dental+Loft/data=!4m7!3m6!1s0x391905fb2e75aa89:0x1fd6ecceb520cd6e!8m2!3d31.5361743!4d74.3384791!16s%2Fg%2F11l1d24v68!19sChIJiap1LvsFGTkRbs0gtc7s1h8?authuser=0&hl=en&rclk=1,,dentist,2026-08-18T14:38:13+00:00,0x391905fb2e75aa89:0x1fd6ecceb520cd6e
The Dental Premises,Dentist,+92 329 8091997,,"Shop no : 2,3, The Dental Premises, : 9 Shadewal Rd","Lahore, Pakistan",5.0,21,https://www.google.com/maps/place/The+Dental+Premises/data=!4m7!3m6!1s0x3919011bd42ecbc7:0xdbfc0f3d26ae77b6!8m2!3d31.4515518!4d74.2770301!16s%2Fg%2F11zbn0gw75!19sChIJx8su1BsBGTkRtneuJj0P_Ns?authuser=0&hl=en&rclk=1,,dentist,2026-08-18T14:38:13+00:00,0x3919011bd42ecbc7:0xdbfc0f3d26ae77b6
Unity Clinics,Dentist,+92 312 5934552,,"377 D, PIA Main Boulevard, near hakim chowk","Lahore, Pakistan",5.0,14,https://www.google.com/maps/place/Unity+Clinics/data=!4m7!3m6!1s0x3919013f607465d7:0x84084bf39736240a!8m2!3d31.4531116!4d74.285881!16s%2Fg%2F11rcjmnzgz!19sChIJ12V0YD8BGTkRCiQ2l_NLCIQ?authuser=0&hl=en&rclk=1,,dentist,2026-08-18T14:39:30+00:00,0x3919013f607465d7:0x84084bf39736240a
Waleed Dental and medical Center,Dentist,+92 324 4437344,,Pir Ghazi Rd,"Lahore, Pakistan",4.8,,https://www.google.com/maps/place/Waleed+Dental+and+medical+Center/data=!4m7!3m6!1s0x3919049f0c647dc3:0x41dfde7d3efcbba1!8m2!3d31.5380766!4d74.316704!16s%2Fg%2F11fxfphftb!19sChIJw31kDJ8EGTkRobv8Pn3e30E?authuser=0&hl=en&rclk=1,,dentist,2026-08-18T14:38:13+00:00,0x3919049f0c647dc3:0x41dfde7d3efcbba1
Waqas Medical and Dental Clinic,Dentist,+92 321 4488421,,"Mian Chowk, Shop # 644 Hassan Basri Rd","Lahore, Pakistan",5.0,145,https://www.google.com/maps/place/Waqas+Medical+and+Dental+Clinic/data=!4m7!3m6!1s0x391901c443822e9f:0x5baa66b88136611d!8m2!3d31.4329943!4d74.3070841!16s%2Fg%2F11tj6mrrx2!19sChIJny6CQ8QBGTkRHWE2gbhmqls?authuser=0&hl=en&rclk=1,,dentist,2026-08-18T14:38:13+00:00,0x391901c443822e9f:0x5baa66b88136611d
Waqas dental associates and esthetic centre,Dental clinic,+92 323 2076101,,"B, 103 Allama Iqbal Rd","Lahore, Pakistan",4.8,37,https://www.google.com/maps/place/Waqas+dental+associates+and+esthetic+centre/data=!4m7!3m6!1s0x3919054c42141f4d:0xf7f1e0853b84a8b1!8m2!3d31.5583198!4d74.3524545!16s%2Fg%2F11v0z1bj1_!19sChIJTR8UQkwFGTkRsaiEO4Xg8fc?authuser=0&hl=en&rclk=1,,dentist,2026-08-18T14:38:13+00:00,0x3919054c42141f4d:0xf7f1e0853b84a8b1
ideal dental clinic,Dental clinic,+92 322 4755755,,"H79P+7HP milat chowk, Outfall Rd","Lahore, Pakistan",4.9,49,https://www.google.com/maps/place/ideal+dental+clinic/data=!4m7!3m6!1s0x39191cb8e489010f:0xe7373bcebd955cfa!8m2!3d31.5682161!4d74.2864427!16s%2Fg%2F1hc7wtgfx!19sChIJDwGJ5LgcGTkR-lyVvc47N-c?authuser=0&hl=en&rclk=1,,dentist,2026-08-18T14:38:13+00:00,0x39191cb8e489010f:0xe7373bcebd955cfa
